PARK,ATTENDANCE,year,Region
John Pennekamp Coral Reef,1067540,2002,SouthEast
Honeymoon Island,857921,2002,CentralWest
Cape Florida,811236,2002,SouthEast
Lover's Key,806379,2002,SouthWest
Sebastian Inlet,702984,2002,CentralEast
Lloyd Beach,670170,2002,SouthEast
St. Andrews,604247,2002,NorthWest
Delnor-Wiggins Pass,495200,2002,SouthWest
Bahia Honda,472697,2002,SouthEast
Gasparilla Island,464725,2002,SouthWest
Anastasia,409315,2002,CentralWest
Blue Spring,376674,2002,CentralEast
Fort Zachary Taylor,319821,2002,SouthEast
Oleta River,302311,2002,SouthEast
De Leon Springs,264592,2002,CentralEast
Skyway State Fishing Pier,257091,2002,CentralWest
Homosassa Springs,256195,2002,CentralWest
Stump Pass Beach,241325,2002,SouthWest
Myakka River,240028,2002,CentralWest
Fanning Springs,230642,2002,NorthCentral
Big Talbot Island,229406,2002,NorthEast
Paynes Prairie,229174,2002,NorthCentral
St. George Island,220514,2002,NorthWest
Hugh Taylor Birch,216254,2002,SouthEast
Henderson Beach,200762,2002,NorthWest
Rainbow Springs,195059,2002,Central
Avalon,193686,2002,CentralEast
Highlands Hammock,189624,2002,Central
Wekiwa Springs,184317,2002,Central
Fort Pierce Inlet,183215,2002,CentralEast
Fort Clinch,182282,2002,NorthEast
Anclote Key,177994,2002,CentralWest
Wakulla Springs State Park,175162,2002,NorthCentral
Ichetucknee Springs,173755,2002,NorthCentral
St. Joseph,173747,2002,NorthWest
Egmont Key,172475,2002,CentralWest
Jonathan Dickinson,169791,2002,SouthEast
Guana River,166583,2002,NorthEast
Tallahassee/St. Marks Trail,154662,2002,NorthCentral
Hillsborough River,154368,2002,CentralWest
Big Lagoon,153061,2002,NorthWest
Caladesi Island,145018,2002,CentralWest
Amelia Island,141645,2002,NorthEast
Curry Hammock,140456,2002,SouthEast
Ravine Gardens,129787,2002,NorthEast
Manatee Springs,129149,2002,NorthCentral
Rocky Bayou,122944,2002,NorthWest
Alfred B. Maclay Gardens,122857,2002,NorthCentral
Topsail Hill State Preserve,120460,2002,NorthWest
Withlacoochee State Trail,111557,2002,CentralWest
Shell Island,110593,2002,NorthEast
Flagler Beach,107475,2002,NorthEast
Oscar Scherer,106599,2002,CentralWest
Little Talbot Island,104686,2002,NorthEast
John D MacArthur Beach,104074,2002,SouthEast
Silver Springs State Park,99973,2002,Central
Florida Caverns,93267,2002,NorthWest
Bald Point,91254,2002,NorthWest
Grayton Beach,90746,2002,NorthWest
Tomoka,88497,2002,CentralEast
Navarre Beach State Park,86483,2002,NorthWest
Nature Coast State Trail,81026,2002,NorthCentral
Long Key,80214,2002,SouthEast
Washington Oaks,65035,2002,NorthEast
Stephen Foster,62813,2002,NorthCentral
Collier-Seminole,59511,2002,SouthWest
Ybor City,58870,2002,CentralWest
Fakahatchee Strand,56240,2002,SouthWest
Lake Jackson Mounds,56046,2002,NorthCentral
Cayo Costa,54739,2002,SouthWest
Bulow Creek,53717,2002,CentralEast
Jack Island,51572,2002,CentralEast
Koreshan,50945,2002,SouthWest
Lake Manatee,50333,2002,CentralWest
San Felasco Hammock,49850,2002,NorthCentral
Lake Kissimmee,47342,2002,Central
O'Leno,47250,2002,NorthCentral
North Peninsula,46121,2002,CentralEast
Blackwater River,40780,2002,NorthWest
Gold Head Branch,40343,2002,NorthEast
Lake Louisa,38935,2002,Central
Ponce de Leon,36358,2002,NorthWest
Devil's Millhopper,36154,2002,NorthCentral
Ochlockonee River,36128,2002,NorthCentral
Fort George Island,33330,2002,NorthEast
Falling Waters,32715,2002,NorthWest
Faver-Dykes,32146,2002,NorthEast
Perdido Key,31978,2002,NorthWest
Don Pedro Island,31825,2002,SouthWest
Yulee Sugar Mills,31394,2002,CentralWest
Gamble Plantation,31201,2002,CentralWest
Van Fleet State Trail,29183,2002,Central
Suwannee River,28713,2002,NorthCentral
Olustee Battlefield,28221,2002,NorthCentral
Wacasassa Bay,26642,2002,NorthCentral
The Barnacle,26063,2002,SouthEast
Eden State Gardens,25979,2002,NorthWest
Lake Griffin,25799,2002,Central
Blackwater Heritage Trail,25351,2002,NorthWest
Forest Capital,25026,2002,NorthCentral
Paynes Creek,24638,2002,Central
Alafia River,24492,2002,CentralWest
Nature & Heritage Tourism Center,24303,2002,NorthCentral
Hontoon Island,24009,2002,Central
Dade Battlefield,23974,2002,Central
Key Largo Hammock,23755,2002,SouthEast
Marjorie Kinnan Rawlings,22699,2002,NorthCentral
Bulow Plantation Ruins,21947,2002,CentralEast
Little Manatee River,21708,2002,CentralWest
San Marcos de Apalache,20322,2002,NorthCentral
Lake Talquin/River Bluff,19852,2002,NorthCentral
Three Rivers,19813,2002,NorthWest
Torreya,19386,2002,NorthWest
Cedar Key State Museum,19258,2002,NorthCentral
Crystal River Arch. Site,19053,2002,CentralWest
Savannas,17749,2002,CentralEast
St. Lucie Inlet,14435,2002,CentralEast
Kissimmee Prairie,13837,2002,CentralEast
Big Shoals,13506,2002,NorthCentral
Cedar Key Scrub,13312,2002,NorthCentral
Econfina River,13222,2002,NorthCentral
Natural Bridge Battlefield,11897,2002,NorthCentral
Fort Cooper,11870,2002,CentralWest
Tosohatchee,11299,2002,Central
Windley Key,10889,2002,SouthEast
Seabranch,10492,2002,CentralEast
Rock Springs Run,9115,2002,NorthCentral
Dudley Farm,8983,2002,NorthCentral
Camp Helen,8146,2002,NorthWest
Lower Wekiva River,6702,2002,Central
Deer Lake,6514,2002,NorthWest
Indian Key,6006,2002,SouthEast
Peacock Springs,5680,2002,NorthCentral
Fort Mose,5442,2002,NorthEast
Lignumvitae Key,4084,2002,SouthEast
John Gorrie Museum,3155,2002,NorthCentral
Tarkiln Bayou,3130,2002,NorthWest
Madira Bickel Mound,2974,2002,CentralWest
River Rise,2959,2002,NorthCentral
Troy Springs,2949,2002,NorthCentral
Beker,2415,2002,CentralEast
Constitution Convention,2156,2002,NorthWest
Hernando DeSoto,1728,2002,CentralWest
Mound Key,1633,2002,SouthWest
Dunn's Creek,1291,2002,NorthEast
Catfish Creek,1159,2002,Central
San Pedro,954,2002,SouthEast
Addison Blockhouse Museum,11,2002,CentralEast
John Pennekamp Coral Reef,1014627,2003,SouthEast
Cape Florida,860763,2003,SouthEast
Sebastian Inlet,742584,2003,CentralEast
Honeymoon Island,721893,2003,CentralWest
Lover's Key,719594,2003,SouthWest
John U. Lloyd Beach,670119,2003,SouthEast
Anastasia,607649,2003,CentralWest
St. Andrews,590511,2003,NorthWest
Delnor-Wiggins Pass,559630,2003,SouthWest
Gasparilla Island,520559,2003,SouthWest
Bahia Honda,518810,2003,SouthEast
Stump Pass Beach,375880,2003,SouthWest
Blue Spring,358837,2003,CentralEast
Fort Zachary Taylor,353700,2003,SouthEast
Homosassa Springs,272875,2003,CentralWest
Skyway State Fishing Pier,263621,2003,CentralWest
De Leon Springs,262548,2003,CentralEast
Oleta River,257531,2003,SouthEast
Myakka River,250954,2003,CentralWest
Fanning Springs,249565,2003,NorthCentral
Hugh Taylor Birch,236073,2003,SouthEast
St. George Island,229993,2003,NorthWest
Avalon,225204,2003,CentralEast
Wekiwa Springs,213524,2003,Central
Henderson Beach,210971,2003,NorthWest
Rainbow Springs,206622,2003,Central
Amelia Island,203262,2003,NorthEast
Fort Clinch,200376,2003,NorthEast
Wakulla Springs State Park,195111,2003,NorthCentral
Highlands Hammock,193046,2003,Central
Big Talbot Island,179697,2003,NorthEast
Silver Springs State Park,175549,2003,Central
Big Lagoon,173977,2003,NorthWest
St. Joseph,173406,2003,NorthWest
Jonathan Dickinson,172786,2003,SouthEast
Guana River,170961,2003,NorthEast
Fort Pierce Inlet,170947,2003,CentralEast
Perdido Key,169429,2003,NorthWest
Egmont Key,166588,2003,CentralWest
Navarre Beach State Park,165116,2003,NorthWest
Hillsborough River,164485,2003,CentralWest
Ichetucknee Springs,162385,2003,NorthCentral
Curry Hammock,158847,2003,SouthEast
Paynes Prairie,156670,2003,NorthCentral
Ravine Gardens,148141,2003,NorthEast
Caladesi Island,132910,2003,CentralWest
Manatee Springs,129661,2003,NorthCentral
Topsail Hill State Preserve,129384,2003,NorthWest
Rocky Bayou,125729,2003,NorthWest
Flagler Beach,123173,2003,NorthEast
Oscar Scherer,115549,2003,CentralWest
Alfred B. Maclay Gardens,114793,2003,NorthCentral
Fort George Island,113109,2003,NorthEast
Shell Island,103144,2003,NorthEast
Little Talbot Island,112414,2003,NorthEast
Grayton Beach,109123,2003,NorthWest
Withlacoochee State Trail,106226,2003,CentralWest
John D MacArthur Beach,101924,2003,SouthEast
Bald Point,101193,2003,NorthWest
Florida Caverns,94802,2003,NorthWest
Tomoka,94708,2003,CentralEast
Anclote Key,79017,2003,CentralWest
Long Key,77908,2003,SouthEast
Washington Oaks,71803,2003,NorthEast
Fakahatchee Strand,68300,2003,SouthWest
Stephen Foster,67916,2003,NorthCentral
Tallahassee/St. Marks Trail,67268,2003,NorthCentral
Cayo Costa,65148,2003,SouthWest
Collier-Seminole,65067,2003,SouthWest
Lake Louisa,59508,2003,Central
Koreshan,57956,2003,SouthWest
San Felasco Hammock,57404,2003,NorthCentral
Gold Head Branch,54922,2003,NorthEast
O'Leno,54918,2003,NorthCentral
North Peninsula,54025,2003,CentralEast
Don Pedro Island,51592,2003,SouthWest
Lake Kissimmee,50736,2003,Central
Lake Manatee,44912,2003,CentralWest
Bulow Creek,43776,2003,CentralEast
Lake Jackson Mounds,43307,2003,NorthCentral
Hontoon Island,41101,2003,Central
Jack Island,39681,2003,CentralEast
Devil's Millhopper,38542,2003,NorthCentral
Blackwater River,38076,2003,NorthWest
Alafia River,37753,2003,CentralWest
Faver-Dykes,37534,2003,NorthEast
Eden State Gardens,36493,2003,NorthWest
Falling Waters,34379,2003,NorthWest
Nature Coast State Trail,34351,2003,NorthCentral
Gamble Plantation,33187,2003,CentralWest
Werner-Boyce,32773,2003,CentralWest
Tarkiln Bayou,32124,2003,NorthWest
Ponce de Leon,32004,2003,NorthWest
Yulee Sugar Mills,31691,2003,CentralWest
Olustee Battlefield,30964,2003,NorthCentral
Lake Griffin,30928,2003,Central
Nature & Heritage Tourism Center,30150,2003,NorthCentral
Ochlockonee River,30103,2003,NorthCentral
Suwannee River,29291,2003,NorthCentral
The Barnacle,29087,2003,SouthEast
Dade Battlefield,29010,2003,Central
Three Rivers,28209,2003,NorthWest
Ybor City,27920,2003,CentralWest
Van Fleet State Trail,27121,2003,Central
Blackwater Heritage Trail,26485,2003,NorthWest
Wacasassa Bay,26007,2003,NorthCentral
Forest Capital,25649,2003,NorthCentral
Paynes Creek,25315,2003,Central
Key Largo Hammock,23158,2003,SouthEast
Marjorie Kinnan Rawlings,21874,2003,NorthCentral
Little Manatee River,21574,2003,CentralWest
Torreya,21252,2003,NorthWest
Savannas,20633,2003,CentralEast
Bulow Plantation Ruins,20208,2003,CentralEast
Cedar Key State Museum,20089,2003,NorthCentral
Crystal River Arch. Site,20011,2003,CentralWest
San Marcos de Apalache,18016,2003,NorthCentral
Fort Cooper,16894,2003,CentralWest
Lake Talquin/River Bluff,15732,2003,NorthCentral
Indian Key,15731,2003,SouthEast
Letchworth Mounds,15571,2003,NorthCentral
Natural Bridge Battlefield,15416,2003,NorthCentral
St. Lucie Inlet,15113,2003,CentralEast
Cedar Key Scrub,14899,2003,NorthCentral
Big Shoals,13653,2003,NorthCentral
Lignumvitae Key,13545,2003,SouthEast
Kissimmee Prairie,13022,2003,CentralEast
Windley Key,12495,2003,SouthEast
Econfina River,12400,2003,NorthCentral
Rock Springs Run,11544,2003,NorthCentral
Seabranch,10820,2003,CentralEast
Tosohatchee,10596,2003,Central
Fort Mose,9782,2003,NorthEast
Haw Creek,8971,2003,NorthEast
Lower Wekiva River,7423,2003,Central
Peacock Springs,7064,2003,NorthCentral
Dudley Farm,6972,2003,NorthCentral
Camp Helen,5540,2003,NorthWest
Troy Springs,5178,2003,NorthCentral
Deer Lake,4591,2003,NorthWest
John Gorrie Museum,3280,2003,NorthCentral
River Rise,3078,2003,NorthCentral
Madira Bickel Mound,2799,2003,CentralWest
Mound Key,2289,2003,SouthWest
Constitution Convention,2236,2003,NorthWest
Dunn's Creek,2110,2003,NorthEast
Beker,1882,2003,CentralEast
Catfish Creek,1739,2003,Central
Lake June Scrub,1498,2003,Central
Orman House,944,2003,NorthCentral
San Pedro,649,2003,SouthEast
Addison Blockhouse Museum,26,2003,CentralEast
John Pennekamp Coral Reef,885340,2004,SouthEast
Honeymoon Island,869458,2004,CentralWest
Cape Florida,733254,2004,SouthEast
Lover's Key,675e3,2004,SouthWest
St. Andrews,659483,2004,NorthWest
Anastasia,624785,2004,CentralWest
Sebastian Inlet,548984,2004,CentralEast
Delnor-Wiggins Pass,523218,2004,SouthWest
John U. Lloyd Beach,490074,2004,SouthEast
Bahia Honda,474124,2004,SouthEast
Stump Pass Beach,394998,2004,SouthWest
Gasparilla Island,389548,2004,SouthWest
Blue Spring,340139,2004,CentralEast
Fort Zachary Taylor,308222,2004,SouthEast
Homosassa Springs,295221,2004,CentralWest
Myakka River,259886,2004,CentralWest
De Leon Springs,248465,2004,CentralEast
Paynes Prairie,242724,2004,NorthCentral
Skyway State Fishing Pier,242471,2004,CentralWest
Oleta River,241040,2004,SouthEast
Caladesi Island,226900,2004,CentralWest
Henderson Beach,208410,2004,NorthWest
Hugh Taylor Birch,204853,2004,SouthEast
Fanning Springs,203387,2004,NorthCentral
Wekiwa Springs,191668,2004,Central
St. George Island,189703,2004,NorthWest
Highlands Hammock,189633,2004,Central
Rainbow Springs,185744,2004,Central
Silver Springs State Park,185116,2004,Central
Fort Clinch,179521,2004,NorthEast
Wakulla Springs State Park,168412,2004,NorthCentral
Amelia Island,166084,2004,NorthEast
Crystal River Preserve,163171,2004,CentralWest
Egmont Key,156560,2004,CentralWest
St. Joseph,152721,2004,NorthWest
Hillsborough River,151785,2004,CentralWest
Avalon,147579,2004,CentralEast
Fort Pierce Inlet,145222,2004,CentralEast
Big Talbot Island,138944,2004,NorthEast
Alfred B. Maclay Gardens,135454,2004,NorthCentral
Ichetucknee Springs,130631,2004,NorthCentral
St. Sebastian River,125086,2004,CentralEast
Topsail Hill State Preserve,120665,2004,NorthWest
Jonathan Dickinson,118593,2004,SouthEast
Ravine Gardens,113567,2004,NorthEast
Anclote Key,110393,2004,CentralWest
Little Talbot Island,109981,2004,NorthEast
Fort George Island,108144,2004,NorthEast
Manatee Springs,106741,2004,NorthCentral
Oscar Scherer,105571,2004,CentralWest
Curry Hammock,104657,2004,SouthEast
Grayton Beach,103815,2004,NorthWest
John D MacArthur Beach,101670,2004,SouthEast
Navarre Beach State Park,101272,2004,NorthWest
Flagler Beach,101154,2004,NorthEast
Florida Caverns,91427,2004,NorthWest
Fakahatchee Strand,89350,2004,SouthWest
Rocky Bayou,88456,2004,NorthWest
Tomoka,81252,2004,CentralEast
Stephen Foster,79640,2004,NorthCentral
Shell Island,72884,2004,NorthEast
Collier-Seminole,72854,2004,SouthWest
Long Key,67539,2004,SouthEast
Lake Louisa,67173,2004,Central
Big Lagoon,66665,2004,NorthWest
Washington Oaks,62376,2004,NorthEast
Lake Jackson Mounds,59610,2004,NorthCentral
San Felasco Hammock,57428,2004,NorthCentral
Koreshan,56331,2004,SouthWest
O'Leno,55606,2004,NorthCentral
Gold Head Branch,53298,2004,NorthEast
North Peninsula,51406,2004,CentralEast
Perdido Key,50802,2004,NorthWest
Don Pedro Island,49693,2004,SouthWest
Gamble Plantation,48982,2004,CentralWest
Blackwater River,46672,2004,NorthWest
Lake Manatee,45228,2004,CentralWest
Lake Kissimmee,43022,2004,Central
Alafia River,40513,2004,CentralWest
Bald Point,37903,2004,NorthWest
Devil's Millhopper,37257,2004,NorthCentral
Cayo Costa,36580,2004,SouthWest
Eden State Gardens,36111,2004,NorthWest
Olustee Battlefield,35956,2004,NorthCentral
Nature & Heritage Tourism Center,34163,2004,NorthCentral
Werner-Boyce,33265,2004,CentralWest
Ponce de Leon,32965,2004,NorthWest
Jack Island,32795,2004,CentralEast
Faver-Dykes,32314,2004,NorthEast
Falling Waters,32120,2004,NorthWest
Yulee Sugar Mills,31269,2004,CentralWest
Paynes Creek,29792,2004,Central
Lake Griffin,29458,2004,Central
The Barnacle,28387,2004,SouthEast
Ochlockonee River,27424,2004,NorthCentral
Fort Mose,26440,2004,NorthEast
Forest Capital,25703,2004,NorthCentral
Suwannee River,25569,2004,NorthCentral
Wacasassa Bay,25146,2004,NorthCentral
Hontoon Island,24583,2004,Central
Ybor City,23775,2004,CentralWest
Little Manatee River,23670,2004,CentralWest
Bulow Creek,23095,2004,CentralEast
Torreya,21599,2004,NorthWest
Key Largo Hammock,21399,2004,SouthEast
Three Rivers,20188,2004,NorthWest
Cedar Key State Museum,19500,2004,NorthCentral
Crystal River Arch. Site,18483,2004,CentralWest
Marjorie Kinnan Rawlings,18120,2004,NorthCentral
Big Shoals,17469,2004,NorthCentral
Fort Cooper,17037,2004,CentralWest
Dade Battlefield,16999,2004,Central
Indian Key,16585,2004,SouthEast
Lake Talquin/River Bluff,16101,2004,NorthCentral
Cedar Key Scrub,15896,2004,NorthCentral
Natural Bridge Battlefield,15699,2004,NorthCentral
Lignumvitae Key,15341,2004,SouthEast
San Marcos de Apalache,15054,2004,NorthCentral
Bulow Plantation Ruins,14819,2004,CentralEast
Rock Springs Run,14461,2004,NorthCentral
Tosohatchee,13197,2004,Central
Savannas,13018,2004,CentralEast
Kissimmee Prairie,12874,2004,CentralEast
Windley Key,12630,2004,SouthEast
Camp Helen,12627,2004,NorthWest
St. Lucie Inlet,12046,2004,CentralEast
Dudley Farm,11449,2004,NorthCentral
Letchworth Mounds,11417,2004,NorthCentral
Econfina River,9170,2004,NorthCentral
Lower Wekiva River,7434,2004,Central
Deer Lake,7035,2004,NorthWest
Estero Bay,6319,2004,SouthWest
Seabranch,5637,2004,CentralEast
Troy Springs,4186,2004,NorthCentral
Haw Creek,3991,2004,NorthEast
Peacock Springs,3895,2004,NorthCentral
Charlotte Harbor,3562,2004,SouthWest
River Rise,3377,2004,NorthCentral
Madira Bickel Mound,2796,2004,CentralWest
Tarkiln Bayou,2757,2004,NorthWest
John Gorrie Museum,2740,2004,NorthCentral
Mound Key,2713,2004,SouthWest
Terra Ceia,2605,2004,CentralWest
Catfish Creek,1798,2004,Central
Dunn's Creek,1582,2004,NorthEast
Constitution Convention,1566,2004,NorthWest
Madison Blue Springs,1382,2004,NorthCentral
Lake June Scrub,1248,2004,Central
Orman House,976,2004,NorthCentral
Pumpkin Hill Creek,966,2004,NorthEast
Atlantic Ridge,671,2004,SouthEast
San Pedro,667,2004,SouthEast
Beker,4,2004,CentralEast
Lover's Key,968854,2005,SouthWest
Honeymoon Island,953824,2005,CentralWest
John Pennekamp Coral Reef,881790,2005,SouthEast
St. Andrews,747150,2005,NorthWest
Cape Florida,687851,2005,SouthEast
Sebastian Inlet,631838,2005,CentralEast
Delnor-Wiggins Pass,546781,2005,SouthWest
Gasparilla Island,516326,2005,SouthWest
John U. Lloyd Beach,477373,2005,SouthEast
Bahia Honda,462268,2005,SouthEast
Anastasia,413037,2005,CentralWest
Stump Pass Beach,390680,2005,SouthWest
Blue Spring,374226,2005,CentralEast
Myakka River,307067,2005,CentralWest
Homosassa Springs,297134,2005,CentralWest
Oleta River,269712,2005,SouthEast
Fort Zachary Taylor,252798,2005,SouthEast
Caladesi Island,250549,2005,CentralWest
Wekiwa Springs,242441,2005,Central
De Leon Springs,235626,2005,CentralEast
Skyway State Fishing Pier,235623,2005,CentralWest
Rainbow Springs,222081,2005,Central
Henderson Beach,220418,2005,NorthWest
Fanning Springs,218450,2005,NorthCentral
Amelia Island,217440,2005,NorthEast
Silver Springs State Park,209842,2005,Central
Highlands Hammock,208201,2005,Central
Crystal River Preserve,202359,2005,CentralWest
Fort Clinch,196176,2005,NorthEast
Fort Pierce Inlet,192402,2005,CentralEast
Hugh Taylor Birch,179621,2005,SouthEast
Wakulla Springs State Park,175210,2005,NorthCentral
Egmont Key,168528,2005,CentralWest
Ichetucknee Springs,167629,2005,NorthCentral
Avalon,165015,2005,CentralEast
Hillsborough River,157648,2005,CentralWest
Paynes Prairie,155454,2005,NorthCentral
Big Talbot Island,153445,2005,NorthEast
Anclote Key,151377,2005,CentralWest
Alfred B. Maclay Gardens,147278,2005,NorthCentral
Jonathan Dickinson,144519,2005,SouthEast
Topsail Hill State Preserve,143730,2005,NorthWest
Ravine Gardens,139504,2005,NorthEast
St. Joseph,138929,2005,NorthWest
Fakahatchee Strand,137238,2005,SouthWest
Manatee Springs,127338,2005,NorthCentral
Flagler Beach,125729,2005,NorthEast
Little Talbot Island,113088,2005,NorthEast
Big Lagoon,108705,2005,NorthWest
Grayton Beach,105871,2005,NorthWest
Oscar Scherer,105850,2005,CentralWest
Florida Caverns,94307,2005,NorthWest
Tomoka,92908,2005,CentralEast
John D MacArthur Beach,90685,2005,SouthEast
Lake Louisa,87651,2005,Central
Shell Island,81969,2005,NorthEast
North Peninsula,81774,2005,CentralEast
St. George Island,80324,2005,NorthWest
Stephen Foster,78825,2005,NorthCentral
Rocky Bayou,77780,2005,NorthWest
Collier-Seminole,72178,2005,SouthWest
Washington Oaks,67059,2005,NorthEast
Gamble Plantation,66933,2005,CentralWest
Gold Head Branch,66158,2005,NorthEast
Bulow Creek,64110,2005,CentralEast
Blackwater River,64074,2005,NorthWest
St. Sebastian River,63317,2005,CentralEast
Long Key,62160,2005,SouthEast
Fort George Island,60499,2005,NorthEast
Koreshan,60324,2005,SouthWest
O'Leno,57624,2005,NorthCentral
Eden State Gardens,52645,2005,NorthWest
Lake Jackson Mounds,51799,2005,NorthCentral
Lake Kissimmee,51623,2005,Central
San Felasco Hammock,48973,2005,NorthCentral
Don Pedro Island,48050,2005,SouthWest
Curry Hammock,46992,2005,SouthEast
Cayo Costa,46892,2005,SouthWest
Lake Manatee,45983,2005,CentralWest
Alafia River,45652,2005,CentralWest
Ponce de Leon,40065,2005,NorthWest
Bald Point,39572,2005,NorthWest
Devil's Millhopper,39126,2005,NorthCentral
Jack Island,36595,2005,CentralEast
Faver-Dykes,35085,2005,NorthEast
Suwannee River,35025,2005,NorthCentral
Falling Waters,34313,2005,NorthWest
Olustee Battlefield,34181,2005,NorthCentral
Hontoon Island,33968,2005,Central
Werner-Boyce,33801,2005,CentralWest
Paynes Creek,32312,2005,Central
Yulee Sugar Mills,31110,2005,CentralWest
Ochlockonee River,31095,2005,NorthCentral
Lake Griffin,29577,2005,Central
The Barnacle,28890,2005,SouthEast
Forest Capital,28755,2005,NorthCentral
Bulow Plantation Ruins,27081,2005,CentralEast
Nature & Heritage Tourism Center,26297,2005,NorthCentral
Wacasassa Bay,25253,2005,NorthCentral
Little Manatee River,24170,2005,CentralWest
Big Shoals,23361,2005,NorthCentral
Ybor City,22587,2005,CentralWest
Perdido Key,22242,2005,NorthWest
Torreya,20442,2005,NorthWest
Camp Helen,20120,2005,NorthWest
Cedar Key State Museum,19582,2005,NorthCentral
Fort Mose,19449,2005,NorthEast
Fort Cooper,19058,2005,CentralWest
Marjorie Kinnan Rawlings,18824,2005,NorthCentral
Three Rivers,18093,2005,NorthWest
Crystal River Arch. Site,17891,2005,CentralWest
Tosohatchee,17404,2005,Central
Savannas,17193,2005,CentralEast
Lignumvitae Key,16731,2005,SouthEast
Cedar Key Scrub,16505,2005,NorthCentral
Haw Creek,16111,2005,NorthEast
Dade Battlefield,15027,2005,Central
Madison Blue Springs,14933,2005,NorthCentral
Letchworth Mounds,14664,2005,NorthCentral
Rock Springs Run,14577,2005,NorthCentral
St. Lucie Inlet,14046,2005,CentralEast
Lake Talquin/River Bluff,13496,2005,NorthCentral
Key Largo Hammock,13165,2005,SouthEast
Natural Bridge Battlefield,11826,2005,NorthCentral
Dudley Farm,11549,2005,NorthCentral
Windley Key,11173,2005,SouthEast
Troy Springs,10740,2005,NorthCentral
Lafayette Blue Springs,10648,2005,NorthCentral
Econfina River,9883,2005,NorthCentral
Indian Key,9375,2005,SouthEast
San Marcos de Apalache,9359,2005,NorthCentral
Kissimmee Prairie,8807,2005,CentralEast
Lower Wekiva River,8160,2005,Central
Tarkiln Bayou,7874,2005,NorthWest
Estero Bay,7670,2005,SouthWest
Seabranch,7651,2005,CentralEast
Peacock Springs,6534,2005,NorthCentral
Deer Lake,6325,2005,NorthWest
Terra Ceia,4421,2005,CentralWest
River Rise,4013,2005,NorthCentral
Mound Key,3545,2005,SouthWest
Navarre Beach State Park,3012,2005,NorthWest
Madira Bickel Mound,2989,2005,CentralWest
Catfish Creek,2671,2005,Central
John Gorrie Museum,2294,2005,NorthCentral
Dunn's Creek,1988,2005,NorthEast
Lake June Scrub,1637,2005,Central
Constitution Convention,1481,2005,NorthWest
Hernando DeSoto,1243,2005,CentralWest
Orman House,948,2005,NorthCentral
Pumpkin Hill Creek,871,2005,NorthEast
Atlantic Ridge,422,2005,SouthEast
Charlotte Harbor,313,2005,SouthWest
San Pedro,74,2005,SouthEast
Honeymoon Island,976553,2006,CentralWest
St. Andrews,890590,2006,NorthWest
John Pennekamp Coral Reef,861045,2006,SouthEast
Lover's Key,851944,2006,SouthWest
Cape Florida,782132,2006,SouthEast
Sebastian Inlet,712256,2006,CentralEast
Gasparilla Island,581735,2006,SouthWest
Bahia Honda,495818,2006,SouthEast
Anastasia,488804,2006,CentralWest
John U. Lloyd Beach,467124,2006,SouthEast
Delnor-Wiggins Pass,461819,2006,SouthWest
Blue Spring,455925,2006,CentralEast
Stump Pass Beach,378075,2006,SouthWest
Skyway State Fishing Pier,330787,2006,CentralWest
Homosassa Springs,326623,2006,CentralWest
Oleta River,319048,2006,SouthEast
Myakka River,310084,2006,CentralWest
Caladesi Island,294547,2006,CentralWest
Fanning Springs,281346,2006,NorthCentral
Fort Zachary Taylor,280755,2006,SouthEast
Crystal River Preserve,272841,2006,CentralWest
Wekiwa Springs,240412,2006,Central
Henderson Beach,239120,2006,NorthWest
Hugh Taylor Birch,236127,2006,SouthEast
De Leon Springs,232243,2006,CentralEast
Silver Springs State Park,229453,2006,Central
Fort Clinch,214631,2006,NorthEast
Highlands Hammock,214607,2006,Central
Amelia Island,206355,2006,NorthEast
Rainbow Springs,197588,2006,Central
Paynes Prairie,194662,2006,NorthCentral
Wakulla Springs State Park,189407,2006,NorthCentral
Fort Pierce Inlet,187354,2006,CentralEast
Hillsborough River,182296,2006,CentralWest
Topsail Hill State Preserve,181439,2006,NorthWest
Ichetucknee Springs,181387,2006,NorthCentral
Big Talbot Island,174464,2006,NorthEast
Avalon,171335,2006,CentralEast
Egmont Key,170907,2006,CentralWest
Anclote Key,169436,2006,CentralWest
Alfred B. Maclay Gardens,168241,2006,NorthCentral
St. Joseph,166744,2006,NorthWest
St. George Island,157837,2006,NorthWest
Jonathan Dickinson,154426,2006,SouthEast
Ravine Gardens,152236,2006,NorthEast
Flagler Beach,134607,2006,NorthEast
Manatee Springs,134110,2006,NorthCentral
Big Lagoon,123372,2006,NorthWest
Fakahatchee Strand,118337,2006,SouthWest
Tomoka,113768,2006,CentralEast
John D MacArthur Beach,113713,2006,SouthEast
Oscar Scherer,112186,2006,CentralWest
Grayton Beach,105486,2006,NorthWest
Little Talbot Island,104922,2006,NorthEast
Lake Louisa,103427,2006,Central
Florida Caverns,99519,2006,NorthWest
Shell Island,98423,2006,NorthEast
North Peninsula,88912,2006,CentralEast
Collier-Seminole,79600,2006,SouthWest
Rocky Bayou,79016,2006,NorthWest
Blackwater River,73787,2006,NorthWest
Long Key,72860,2006,SouthEast
Gamble Plantation,67264,2006,CentralWest
Gold Head Branch,65220,2006,NorthEast
Washington Oaks,65020,2006,NorthEast
Koreshan,64585,2006,SouthWest
O'Leno,61589,2006,NorthCentral
Bulow Creek,60961,2006,CentralEast
Alafia River,57803,2006,CentralWest
San Felasco Hammock,57382,2006,NorthCentral
Lake Manatee,54958,2006,CentralWest
Lake Kissimmee,53669,2006,Central
Bald Point,52373,2006,NorthWest
Madison Blue Springs,51880,2006,NorthCentral
Curry Hammock,50643,2006,SouthEast
Eden State Gardens,48146,2006,NorthWest
Don Pedro Island,47700,2006,SouthWest
Stephen Foster,47335,2006,NorthCentral
Cayo Costa,46535,2006,SouthWest
Devil's Millhopper,44680,2006,NorthCentral
Hontoon Island,42710,2006,Central
St. Sebastian River,40391,2006,CentralEast
The Barnacle,39955,2006,SouthEast
Ponce de Leon,39681,2006,NorthWest
Perdido Key,38346,2006,NorthWest
Jack Island,38098,2006,CentralEast
Werner-Boyce,35874,2006,CentralWest
Faver-Dykes,35736,2006,NorthEast
Fort George Island,35532,2006,NorthEast
Lake Griffin,35329,2006,Central
Lake Jackson Mounds,35305,2006,NorthCentral
Olustee Battlefield,34702,2006,NorthCentral
Falling Waters,33863,2006,NorthWest
Yulee Sugar Mills,31752,2006,CentralWest
Ochlockonee River,31176,2006,NorthCentral
Little Manatee River,30798,2006,CentralWest
Paynes Creek,29658,2006,Central
Suwannee River,28417,2006,NorthCentral
Forest Capital,28193,2006,NorthCentral
Nature & Heritage Tourism Center,27798,2006,NorthCentral
Ybor City,26602,2006,CentralWest
Wacasassa Bay,26315,2006,NorthCentral
Fort Cooper,24912,2006,CentralWest
Indian Key,24821,2006,SouthEast
Camp Helen,23811,2006,NorthWest
Torreya,23781,2006,NorthWest
Lafayette Blue Springs,23111,2006,NorthCentral
Lignumvitae Key,23030,2006,SouthEast
Bulow Plantation Ruins,22910,2006,CentralEast
Big Shoals,21853,2006,NorthCentral
Cedar Key Scrub,20511,2006,NorthCentral
Marjorie Kinnan Rawlings,20094,2006,NorthCentral
Savannas,19421,2006,CentralEast
Crystal River Arch. Site,19044,2006,CentralWest
Dade Battlefield,18838,2006,Central
Three Rivers,18370,2006,NorthWest
Troy Springs,17151,2006,NorthCentral
Cedar Key State Museum,16631,2006,NorthCentral
Rock Springs Run,14864,2006,NorthCentral
Lake Talquin/River Bluff,14420,2006,NorthCentral
Haw Creek,14196,2006,NorthEast
St. Lucie Inlet,13886,2006,CentralEast
Estero Bay,11708,2006,SouthWest
Key Largo Hammock,11699,2006,SouthEast
San Marcos de Apalache,11466,2006,NorthCentral
Dudley Farm,10838,2006,NorthCentral
Econfina River,10808,2006,NorthCentral
Seabranch,10570,2006,CentralEast
Windley Key,10467,2006,SouthEast
Kissimmee Prairie,9923,2006,CentralEast
Lower Wekiva River,9896,2006,Central
Natural Bridge Battlefield,9503,2006,NorthCentral
Tosohatchee,8904,2006,Central
Letchworth Mounds,7454,2006,NorthCentral
Colt Creek,7033,2006,CentralWest
Terra Ceia,6553,2006,CentralWest
Deer Lake,6495,2006,NorthWest
Fort Mose,6214,2006,NorthEast
Peacock Springs,5352,2006,NorthCentral
Tarkiln Bayou,4845,2006,NorthWest
River Rise,3893,2006,NorthCentral
Catfish Creek,3827,2006,Central
Mound Key,3283,2006,SouthWest
Constitution Convention,3170,2006,NorthWest
Dunn's Creek,3134,2006,NorthEast
John Gorrie Museum,3074,2006,NorthCentral
Madira Bickel Mound,2765,2006,CentralWest
Charlotte Harbor,2438,2006,SouthWest
Lake June Scrub,1320,2006,Central
Orman House,1227,2006,NorthCentral
Hernando DeSoto,1179,2006,CentralWest
Pumpkin Hill Creek,842,2006,NorthEast
San Pedro,608,2006,SouthEast
Atlantic Ridge,338,2006,SouthEast
Addison Blockhouse Museum,144,2006,CentralEast
Honeymoon Island,1085120,2007,CentralWest
Cape Florida,893543,2007,SouthEast
John Pennekamp Coral Reef,878939,2007,SouthEast
St. Andrews,877788,2007,NorthWest
Sebastian Inlet,830448,2007,CentralEast
Lover's Key,819359,2007,SouthWest
Gasparilla Island,702713,2007,SouthWest
Anastasia,637762,2007,CentralWest
Bahia Honda,517868,2007,SouthEast
Stump Pass Beach,503926,2007,SouthWest
Lloyd Beach,495609,2007,SouthEast
Delnor-Wiggins Pass,480514,2007,SouthWest
Blue Spring,402756,2007,CentralEast
Fort Zachary Taylor,372274,2007,SouthEast
Oleta River,357178,2007,SouthEast
Fanning Springs,346885,2007,NorthCentral
Skyway State Fishing Pier,334587,2007,CentralWest
Homosassa Springs,329532,2007,CentralWest
Caladesi Island,327155,2007,CentralWest
Myakka River,296459,2007,CentralWest
Crystal River Preserve,290018,2007,CentralWest
Wekiwa Springs,253650,2007,Central
Silver Springs State Park,235608,2007,Central
De Leon Springs,235120,2007,CentralEast
Henderson Beach,233785,2007,NorthWest
Hugh Taylor Birch,225545,2007,SouthEast
Paynes Prairie,221465,2007,NorthCentral
Wakulla Springs State Park,217997,2007,NorthCentral
Fort Pierce Inlet,208907,2007,CentralEast
Highlands Hammock,205899,2007,Central
Anclote Key,204903,2007,CentralWest
Fort Clinch,204633,2007,NorthEast
Avalon,199905,2007,CentralEast
Rainbow Springs,196507,2007,Central
Amelia Island,192607,2007,NorthEast
Ichetucknee Springs,188776,2007,NorthCentral
Hillsborough River,185776,2007,CentralWest
Topsail Hill State Preserve,180326,2007,NorthWest
Egmont Key,180225,2007,CentralWest
St. George Island,178254,2007,NorthWest
Alfred B. Maclay Gardens,176054,2007,NorthCentral
St. Joseph,172048,2007,NorthWest
Jonathan Dickinson,165239,2007,SouthEast
Big Talbot Island,163854,2007,NorthEast
Ravine Gardens,145963,2007,NorthEast
Manatee Springs,133879,2007,NorthCentral
Big Lagoon,131857,2007,NorthWest
Oscar Scherer,122224,2007,CentralWest
John D MacArthur Beach,118275,2007,SouthEast
Flagler Beach,116632,2007,NorthEast
Tomoka,113533,2007,CentralEast
Little Talbot Island,106083,2007,NorthEast
Grayton Beach,104697,2007,NorthWest
Fakahatchee Strand,100634,2007,SouthWest
Stephen Foster,99508,2007,NorthCentral
Lake Louisa,97131,2007,Central
Shell Island,89451,2007,NorthEast
Florida Caverns,84030,2007,NorthWest
Rocky Bayou,77117,2007,NorthWest
Cayo Costa,76681,2007,SouthWest
Long Key,75646,2007,SouthEast
North Peninsula,73883,2007,CentralEast
Koreshan,64202,2007,SouthWest
Gold Head Branch,61848,2007,NorthEast
Alafia River,61378,2007,CentralWest
Washington Oaks,61353,2007,NorthEast
Bulow Creek,60667,2007,CentralEast
Curry Hammock,60544,2007,SouthEast
O'Leno,59906,2007,NorthCentral
Gamble Plantation,59186,2007,CentralWest
San Felasco Hammock,57432,2007,NorthCentral
Don Pedro Island,55640,2007,SouthWest
Lake Kissimmee,55419,2007,Central
Collier-Seminole,55110,2007,SouthWest
Madison Blue Springs,53401,2007,NorthCentral
St. Sebastian River,51556,2007,CentralEast
Ponce de Leon,50262,2007,NorthWest
Bald Point,50016,2007,NorthWest
Blackwater River,49561,2007,NorthWest
Lake Manatee,49403,2007,CentralWest
Eden State Gardens,45236,2007,NorthWest
Devil's Millhopper,44591,2007,NorthCentral
Hontoon Island,42319,2007,Central
Jack Island,39210,2007,CentralEast
Perdido Key,38484,2007,NorthWest
Werner-Boyce,38090,2007,CentralWest
Lake Griffin,37937,2007,Central
Fort George Island,37704,2007,NorthEast
Lake Jackson Mounds,37188,2007,NorthCentral
Faver-Dykes,36594,2007,NorthEast
Little Manatee River,36299,2007,CentralWest
Nature & Heritage Tourism Center,35446,2007,NorthCentral
Fort Mose,34497,2007,NorthEast
Yulee Sugar Mills,33034,2007,CentralWest
Falling Waters,32678,2007,NorthWest
Olustee Battlefield,32446,2007,NorthCentral
Ochlockonee River,32205,2007,NorthCentral
Charlotte Harbor,31835,2007,SouthWest
The Barnacle,31545,2007,SouthEast
Lafayette Blue Springs,30028,2007,NorthCentral
Suwannee River,29748,2007,NorthCentral
Paynes Creek,28073,2007,Central
Forest Capital,27813,2007,NorthCentral
Ybor City,27709,2007,CentralWest
Wacasassa Bay,27309,2007,NorthCentral
Fort Cooper,25469,2007,CentralWest
Torreya,24288,2007,NorthWest
Camp Helen,23513,2007,NorthWest
Three Rivers,23422,2007,NorthWest
Lignumvitae Key,23416,2007,SouthEast
Big Shoals,22409,2007,NorthCentral
Marjorie Kinnan Rawlings,21664,2007,NorthCentral
Savannas,20997,2007,CentralEast
Estero Bay,20249,2007,SouthWest
Dade Battlefield,20115,2007,Central
Troy Springs,19910,2007,NorthCentral
Bulow Plantation Ruins,19677,2007,CentralEast
Rock Springs Run,19522,2007,NorthCentral
Crystal River Arch. Site,19303,2007,CentralWest
Cedar Key State Museum,19054,2007,NorthCentral
Indian Key,18295,2007,SouthEast
Cedar Key Scrub,17012,2007,NorthCentral
St. Lucie Inlet,14069,2007,CentralEast
Colt Creek,12785,2007,CentralWest
Lake Talquin/River Bluff,12440,2007,NorthCentral
Natural Bridge Battlefield,12069,2007,NorthCentral
Kissimmee Prairie,11898,2007,CentralEast
Dudley Farm,11530,2007,NorthCentral
Key Largo Hammock,11372,2007,SouthEast
Windley Key,11087,2007,SouthEast
Econfina River,11006,2007,NorthCentral
Seabranch,10840,2007,CentralEast
Lower Wekiva River,10502,2007,Central
San Marcos de Apalache,10422,2007,NorthCentral
Dunn's Creek,10308,2007,NorthEast
Haw Creek,10082,2007,NorthEast
Letchworth Mounds,6920,2007,NorthCentral
Terra Ceia,6445,2007,CentralWest
Tarkiln Bayou,5669,2007,NorthWest
Catfish Creek,5587,2007,Central
Deer Lake,5370,2007,NorthWest
River Rise,4914,2007,NorthCentral
Peacock Springs,3821,2007,NorthCentral
John Gorrie Museum,3323,2007,NorthCentral
Madira Bickel Mound,3011,2007,CentralWest
Mound Key,2613,2007,SouthWest
Constitution Convention,2534,2007,NorthWest
Pumpkin Hill Creek,2523,2007,NorthEast
Orman House,2083,2007,NorthCentral
Lake June Scrub,1474,2007,Central
Hernando DeSoto,1178,2007,CentralWest
Atlantic Ridge,833,2007,SouthEast
San Pedro,712,2007,SouthEast
Honeymoon Island,1296809,2008,CentralWest
St. Andrews,1009910,2008,NorthWest
Cape Florida,909114,2008,SouthEast
Gasparilla Island,846987,2008,SouthWest
Sebastian Inlet,796018,2008,CentralEast
John Pennekamp Coral Reef,795274,2008,SouthEast
Lover's Key,743434,2008,SouthWest
Anastasia,601293,2008,CentralWest
Bahia Honda,518569,2008,SouthEast
Stump Pass Beach,516360,2008,SouthWest
Delnor-Wiggins Pass,491953,2008,SouthWest
John U. Lloyd Beach,463786,2008,SouthEast
Blue Spring,443003,2008,CentralEast
Fort Zachary Taylor,411266,2008,SouthEast
Crystal River Preserve,410450,2008,CentralWest
Caladesi Island,408990,2008,CentralWest
Oleta River,371324,2008,SouthEast
Homosassa Springs,369966,2008,CentralWest
Fanning Springs,315226,2008,NorthCentral
Myakka River,297002,2008,CentralWest
Skyway State Fishing Pier,292630,2008,CentralWest
Wekiwa Springs,280032,2008,Central
Silver Springs State Park,262688,2008,Central
Anclote Key,262311,2008,CentralWest
Paynes Prairie,246524,2008,NorthCentral
Henderson Beach,239265,2008,NorthWest
Hugh Taylor Birch,230679,2008,SouthEast
De Leon Springs,228233,2008,CentralEast
Fort Clinch,216308,2008,NorthEast
Amelia Island,212126,2008,NorthEast
Fort Pierce Inlet,209339,2008,CentralEast
Wakulla Springs State Park,208572,2008,NorthCentral
Highlands Hammock,199583,2008,Central
Rainbow Springs,189963,2008,Central
Fakahatchee Strand,189372,2008,SouthWest
St. George Island,184498,2008,NorthWest
Egmont Key,177687,2008,CentralWest
Avalon,176488,2008,CentralEast
Hillsborough River,169365,2008,CentralWest
St. Joseph,167159,2008,NorthWest
Ichetucknee Springs,161990,2008,NorthCentral
Topsail Hill State Preserve,156805,2008,NorthWest
Alfred B. Maclay Gardens,153032,2008,NorthCentral
Big Talbot Island,146093,2008,NorthEast
Jonathan Dickinson,144316,2008,SouthEast
Ravine Gardens,137794,2008,NorthEast
Manatee Springs,137363,2008,NorthCentral
Big Lagoon,135409,2008,NorthWest
John D MacArthur Beach,126360,2008,SouthEast
Little Talbot Island,124372,2008,NorthEast
Oscar Scherer,117800,2008,CentralWest
Flagler Beach,115568,2008,NorthEast
Grayton Beach,108055,2008,NorthWest
Tomoka,107884,2008,CentralEast
Lake Louisa,96328,2008,Central
Washington Oaks,90558,2008,NorthEast
North Peninsula,86064,2008,CentralEast
Rocky Bayou,84238,2008,NorthWest
Stephen Foster,80833,2008,NorthCentral
Weeki Wachee Springs,76116,2008,CentralWest
Long Key,75435,2008,SouthEast
Curry Hammock,75251,2008,SouthEast
Florida Caverns,71982,2008,NorthWest
Collier-Seminole,70462,2008,SouthWest
Cayo Costa,68851,2008,SouthWest
Koreshan,68144,2008,SouthWest
Alafia River,66788,2008,CentralWest
Gold Head Branch,65997,2008,NorthEast
O'Leno,63625,2008,NorthCentral
Gamble Plantation,62493,2008,CentralWest
Lake Kissimmee,61001,2008,Central
Don Pedro Island,60916,2008,SouthWest
San Felasco Hammock,59054,2008,NorthCentral
Bald Point,57090,2008,NorthWest
Bulow Creek,56198,2008,CentralEast
Ponce de Leon,56186,2008,NorthWest
Blackwater River,56139,2008,NorthWest
St. Sebastian River,53235,2008,CentralEast
Eden State Gardens,51975,2008,NorthWest
The Barnacle,51145,2008,SouthEast
Lake Manatee,48338,2008,CentralWest
Lake Jackson Mounds,46758,2008,NorthCentral
Devil's Millhopper,46516,2008,NorthCentral
Charlotte Harbor,46018,2008,SouthWest
Falling Waters,40849,2008,NorthWest
Lake Griffin,39120,2008,Central
Werner-Boyce,38041,2008,CentralWest
Madison Blue Springs,37232,2008,NorthCentral
Suwannee River,36835,2008,NorthCentral
Fort George Island,36440,2008,NorthEast
Jack Island,36382,2008,CentralEast
Hontoon Island,36317,2008,Central
Perdido Key,34508,2008,NorthWest
Ochlockonee River,34458,2008,NorthCentral
Yulee Sugar Mills,33405,2008,CentralWest
Faver-Dykes,32376,2008,NorthEast
Little Manatee River,32306,2008,CentralWest
Olustee Battlefield,30731,2008,NorthCentral
Paynes Creek,30611,2008,Central
Ybor City,29714,2008,CentralWest
Fort Cooper,28539,2008,CentralWest
Wacasassa Bay,27419,2008,NorthCentral
Camp Helen,27059,2008,NorthWest
Lafayette Blue Springs,26990,2008,NorthCentral
Forest Capital,26092,2008,NorthCentral
Indian Key,24789,2008,SouthEast
Torreya,24679,2008,NorthWest
Three Rivers,24446,2008,NorthWest
Lignumvitae Key,24316,2008,SouthEast
Kissimmee Prairie,22605,2008,CentralEast
Fort Mose,21323,2008,NorthEast
Savannas,20912,2008,CentralEast
Crystal River Arch. Site,20828,2008,CentralWest
Big Shoals,20774,2008,NorthCentral
Marjorie Kinnan Rawlings,20670,2008,NorthCentral
Dudley Farm,19922,2008,NorthCentral
Cedar Key State Museum,19473,2008,NorthCentral
Dade Battlefield,19418,2008,Central
Cedar Key Scrub,17008,2008,NorthCentral
Natural Bridge Battlefield,16982,2008,NorthCentral
Bulow Plantation Ruins,16638,2008,CentralEast
Econfina River,14903,2008,NorthCentral
Lake Talquin/River Bluff,14886,2008,NorthCentral
Troy Springs,13905,2008,NorthCentral
St. Lucie Inlet,13389,2008,CentralEast
Key Largo Hammock,12229,2008,SouthEast
Dunn's Creek,12088,2008,NorthEast
Windley Key,11782,2008,SouthEast
Colt Creek,11312,2008,CentralWest
San Marcos de Apalache,11268,2008,NorthCentral
Seabranch,10840,2008,CentralEast
Terra Ceia,7438,2008,CentralWest
Letchworth Mounds,7416,2008,NorthCentral
Rock Springs Run,6946,2008,NorthCentral
Pumpkin Hill Creek,6579,2008,NorthEast
Catfish Creek,6186,2008,Central
Anderson's Landing,6071,2008,NorthCentral
Deer Lake,5814,2008,NorthWest
Tarkiln Bayou,5557,2008,NorthWest
Haw Creek,5405,2008,NorthEast
Estero Bay,5205,2008,SouthWest
River Rise,4732,2008,NorthCentral
Lower Wekiva River,3953,2008,Central
Peacock Springs,3810,2008,NorthCentral
John Gorrie Museum,3437,2008,NorthCentral
Madira Bickel Mound,2721,2008,CentralWest
Atlantic Ridge,2669,2008,SouthEast
Orman House,2619,2008,NorthCentral
Mound Key,2495,2008,SouthWest
Constitution Convention,2035,2008,NorthWest
Lake June Scrub,1413,2008,Central
San Pedro,1113,2008,SouthEast
Honeymoon Island,1119837,2009,CentralWest
St. Andrews,807986,2009,NorthWest
Cape Florida,766384,2009,SouthEast
Lover's Key,742643,2009,SouthWest
Gasparilla Island,734113,2009,SouthWest
Sebastian Inlet,722683,2009,CentralEast
John Pennekamp Coral Reef,721091,2009,SouthEast
Anastasia,602093,2009,CentralWest
Blue Spring,540084,2009,CentralEast
Bahia Honda,484070,2009,SouthEast
John U. Lloyd Beach,476492,2009,SouthEast
Stump Pass Beach,471305,2009,SouthWest
Crystal River Preserve,441645,2009,CentralWest
Delnor-Wiggins Pass,403183,2009,SouthWest
Fort Zachary Taylor,388521,2009,SouthEast
Myakka River,343437,2009,CentralWest
Oleta River,323596,2009,SouthEast
Fanning Springs,304646,2009,NorthCentral
Homosassa Springs,300071,2009,CentralWest
Caladesi Island,280948,2009,CentralWest
Wekiwa Springs,264003,2009,Central
Hugh Taylor Birch,238038,2009,SouthEast
De Leon Springs,233658,2009,CentralEast
Silver Springs State Park,228630,2009,Central
Fort Clinch,218946,2009,NorthEast
Henderson Beach,214509,2009,NorthWest
Rainbow Springs,213780,2009,Central
Paynes Prairie,211525,2009,NorthCentral
Skyway State Fishing Pier,206630,2009,CentralWest
Fort Pierce Inlet,202732,2009,CentralEast
Egmont Key,196310,2009,CentralWest
Anclote Key,186354,2009,CentralWest
Amelia Island,185820,2009,NorthEast
Ichetucknee Springs,184151,2009,NorthCentral
St. George Island,183481,2009,NorthWest
Wakulla Springs State Park,177119,2009,NorthCentral
St. Joseph,175361,2009,NorthWest
Highlands Hammock,167072,2009,Central
Topsail Hill State Preserve,158148,2009,NorthWest
Jonathan Dickinson,154737,2009,SouthEast
Avalon,151689,2009,CentralEast
Weeki Wachee Springs,147145,2009,CentralWest
Manatee Springs,142642,2009,NorthCentral
Fakahatchee Strand,142059,2009,SouthWest
Big Talbot Island,137440,2009,NorthEast
Hillsborough River,134198,2009,CentralWest
John D MacArthur Beach,133097,2009,SouthEast
Little Talbot Island,128873,2009,NorthEast
Ravine Gardens,127574,2009,NorthEast
Big Lagoon,122409,2009,NorthWest
Grayton Beach,116335,2009,NorthWest
Alfred B. Maclay Gardens,112606,2009,NorthCentral
Flagler Beach,111370,2009,NorthEast
Oscar Scherer,108367,2009,CentralWest
Cayo Costa,99233,2009,SouthWest
Tomoka,97694,2009,CentralEast
North Peninsula,92617,2009,CentralEast
Stephen Foster,92094,2009,NorthCentral
Shell Island,91795,2009,NorthEast
Long Key,89426,2009,SouthEast
Lake Louisa,89368,2009,Central
Bald Point,82951,2009,NorthWest
Florida Caverns,76911,2009,NorthWest
Charlotte Harbor,76300,2009,SouthWest
Curry Hammock,73846,2009,SouthEast
Blackwater River,70934,2009,NorthWest
Rocky Bayou,70270,2009,NorthWest
Collier-Seminole,70211,2009,SouthWest
Koreshan,67090,2009,SouthWest
Gold Head Branch,64614,2009,NorthEast
Eden State Gardens,64181,2009,NorthWest
Washington Oaks,59998,2009,NorthEast
Lake Kissimmee,59026,2009,Central
O'Leno,58586,2009,NorthCentral
Alafia River,56694,2009,CentralWest
St. Sebastian River,55476,2009,CentralEast
San Felasco Hammock,54655,2009,NorthCentral
Bulow Creek,53941,2009,CentralEast
Gamble Plantation,53119,2009,CentralWest
Madison Blue Springs,49131,2009,NorthCentral
Ponce de Leon,47141,2009,NorthWest
Lake Manatee,46491,2009,CentralWest
Falling Waters,44466,2009,NorthWest
Devil's Millhopper,43563,2009,NorthCentral
Jack Island,40125,2009,CentralEast
Lake Jackson Mounds,38067,2009,NorthCentral
Suwannee River,37528,2009,NorthCentral
Nature & Heritage Tourism Center,36506,2009,NorthCentral
Fort George Island,36372,2009,NorthEast
Hontoon Island,36253,2009,Central
Lake Griffin,36241,2009,Central
Werner-Boyce,35755,2009,CentralWest
Lafayette Blue Springs,34893,2009,NorthCentral
Ochlockonee River,33450,2009,NorthCentral
Don Pedro Island,33172,2009,SouthWest
Indian Key,31234,2009,SouthEast
Perdido Key,31133,2009,NorthWest
Yulee Sugar Mills,30504,2009,CentralWest
The Barnacle,30418,2009,SouthEast
Three Rivers,30253,2009,NorthWest
Camp Helen,29614,2009,NorthWest
Faver-Dykes,29255,2009,NorthEast
Wacasassa Bay,28723,2009,NorthCentral
Lignumvitae Key,27800,2009,SouthEast
Fort Mose,27172,2009,NorthEast
Olustee Battlefield,27030,2009,NorthCentral
Fort Cooper,26182,2009,CentralWest
Paynes Creek,25848,2009,Central
Forest Capital,25008,2009,NorthCentral
Little Manatee River,24676,2009,CentralWest
Torreya,23040,2009,NorthWest
Ybor City,22428,2009,CentralWest
Savannas,20198,2009,CentralEast
Big Shoals,19719,2009,NorthCentral
Cedar Key Scrub,18397,2009,NorthCentral
Crystal River Arch. Site,18240,2009,CentralWest
Marjorie Kinnan Rawlings,17752,2009,NorthCentral
Dade Battlefield,17723,2009,Central
Cedar Key State Museum,16630,2009,NorthCentral
Peacock Springs,16369,2009,NorthCentral
Bulow Plantation Ruins,15809,2009,CentralEast
Kissimmee Prairie,14135,2009,CentralEast
Windley Key,13791,2009,SouthEast
Key Largo Hammock,13212,2009,SouthEast
St. Lucie Inlet,13058,2009,CentralEast
Natural Bridge Battlefield,12456,2009,NorthCentral
Dudley Farm,11837,2009,NorthCentral
Dunn's Creek,11714,2009,NorthEast
Troy Springs,11601,2009,NorthCentral
San Marcos de Apalache,11240,2009,NorthCentral
Seabranch,10840,2009,CentralEast
Colt Creek,10357,2009,CentralWest
Pumpkin Hill Creek,8982,2009,NorthEast
Econfina River,8156,2009,NorthCentral
Deer Lake,7802,2009,NorthWest
Anderson's Landing,7017,2009,NorthCentral
Terra Ceia,6676,2009,CentralWest
Rock Springs Run,6364,2009,NorthCentral
Lake Talquin/River Bluff,6288,2009,NorthCentral
Catfish Creek,5891,2009,Central
River Rise,5037,2009,NorthCentral
Letchworth Mounds,4429,2009,NorthCentral
Tarkiln Bayou,4068,2009,NorthWest
Estero Bay,3816,2009,SouthWest
Orman House,3744,2009,NorthCentral
Haw Creek,3549,2009,NorthEast
San Pedro,2988,2009,SouthEast
Atlantic Ridge,2969,2009,SouthEast
John Gorrie Museum,2906,2009,NorthCentral
Constitution Convention,2676,2009,NorthWest
Lower Wekiva River,2631,2009,Central
Madira Bickel Mound,2537,2009,CentralWest
Mound Key,1675,2009,SouthWest
Lake June Scrub,1376,2009,Central
Suwannee River Wilderness Trail,931,2009,NorthCentral
Yellow River Marshes,297,2009,NorthWest
Honeymoon Island,1134509,2010,CentralWest
Gasparilla Island,823526,2010,SouthWest
Sebastian Inlet,781518,2010,CentralEast
Lover's Key,754692,2010,SouthWest
John Pennekamp Coral Reef,718303,2010,SouthEast
Cape Florida,714865,2010,SouthEast
St. Andrews,681310,2010,NorthWest
Anastasia,548678,2010,CentralWest
Bahia Honda,535578,2010,SouthEast
Blue Spring,523235,2010,CentralEast
Stump Pass Beach,515952,2010,SouthWest
John U. Lloyd Beach,508375,2010,SouthEast
Delnor-Wiggins Pass,460350,2010,SouthWest
Fort Zachary Taylor,425993,2010,SouthEast
Oleta River,339060,2010,SouthEast
Myakka River,337130,2010,CentralWest
Homosassa Springs,291247,2010,CentralWest
Fanning Springs,285016,2010,NorthCentral
De Leon Springs,275369,2010,CentralEast
Crystal River Preserve,273921,2010,CentralWest
Hugh Taylor Birch,269632,2010,SouthEast
Rainbow Springs,262387,2010,Central
Caladesi Island,255742,2010,CentralWest
Wekiwa Springs,250762,2010,Central
Silver Springs State Park,237894,2010,Central
Fort Clinch,229083,2010,NorthEast
Fort Pierce Inlet,217116,2010,CentralEast
Egmont Key,207950,2010,CentralWest
Ichetucknee Springs,204586,2010,NorthCentral
Paynes Prairie,202107,2010,NorthCentral
Skyway State Fishing Pier,200018,2010,CentralWest
Wakulla Springs State Park,199310,2010,NorthCentral
St. George Island,192616,2010,NorthWest
Little Talbot Island,191656,2010,NorthEast
Henderson Beach,180873,2010,NorthWest
Anclote Key,179804,2010,CentralWest
Alfred B. Maclay Gardens,178764,2010,NorthCentral
Amelia Island,176815,2010,NorthEast
Jonathan Dickinson,176018,2010,SouthEast
Avalon,171876,2010,CentralEast
Topsail Hill State Preserve,169017,2010,NorthWest
Weeki Wachee Springs,164717,2010,CentralWest
St. Joseph,163001,2010,NorthWest
Highlands Hammock,158604,2010,Central
John D MacArthur Beach,153755,2010,SouthEast
Hillsborough River,150918,2010,CentralWest
Manatee Springs,135728,2010,NorthCentral
Ravine Gardens,126753,2010,NorthEast
Fakahatchee Strand,126034,2010,SouthWest
Flagler Beach,122172,2010,NorthEast
Oscar Scherer,120101,2010,CentralWest
Tomoka,118337,2010,CentralEast
Big Talbot Island,116585,2010,NorthEast
Grayton Beach,115464,2010,NorthWest
Big Lagoon,109472,2010,NorthWest
Cayo Costa,102207,2010,SouthWest
Stephen Foster,101498,2010,NorthCentral
North Peninsula,100728,2010,CentralEast
Lake Louisa,91012,2010,Central
Florida Caverns,90298,2010,NorthWest
Shell Island,88988,2010,NorthEast
Curry Hammock,86242,2010,SouthEast
Blackwater River,85479,2010,NorthWest
Long Key,81862,2010,SouthEast
St. Sebastian River,80716,2010,CentralEast
Charlotte Harbor,79438,2010,SouthWest
Rocky Bayou,66861,2010,NorthWest
Washington Oaks,66229,2010,NorthEast
Koreshan,65039,2010,SouthWest
Eden State Gardens,63819,2010,NorthWest
Gold Head Branch,63052,2010,NorthEast
O'Leno,60619,2010,NorthCentral
Alafia River,59885,2010,CentralWest
Collier-Seminole,58276,2010,SouthWest
Lake Kissimmee,56088,2010,Central
San Felasco Hammock,55084,2010,NorthCentral
Gamble Plantation,53201,2010,CentralWest
Bulow Creek,51014,2010,CentralEast
Werner-Boyce,50857,2010,CentralWest
Ponce de Leon,49622,2010,NorthWest
Fort George Island,49593,2010,NorthEast
Don Pedro Island,48917,2010,SouthWest
The Barnacle,46884,2010,SouthEast
Devil's Millhopper,46363,2010,NorthCentral
Lake Manatee,45746,2010,CentralWest
Madison Blue Springs,42413,2010,NorthCentral
Falling Waters,41697,2010,NorthWest
Hontoon Island,41680,2010,Central
Fort Mose,41311,2010,NorthEast
Lafayette Blue Springs,41278,2010,NorthCentral
Ochlockonee River,38811,2010,NorthCentral
Indian Key,36763,2010,SouthEast
Camp Helen,36656,2010,NorthWest
Suwannee River,35264,2010,NorthCentral
Lake Griffin,33198,2010,Central
Bald Point,33027,2010,NorthWest
Lignumvitae Key,32904,2010,SouthEast
Three Rivers,32581,2010,NorthWest
Olustee Battlefield,31098,2010,NorthCentral
Nature & Heritage Tourism Center,30796,2010,NorthCentral
Wacasassa Bay,30026,2010,NorthCentral
Faver-Dykes,29905,2010,NorthEast
Yulee Sugar Mills,29035,2010,CentralWest
Fort Cooper,27189,2010,CentralWest
Forest Capital,25420,2010,NorthCentral
Perdido Key,25337,2010,NorthWest
Little Manatee River,24412,2010,CentralWest
Torreya,24411,2010,NorthWest
Paynes Creek,23805,2010,Central
Peacock Springs,22777,2010,NorthCentral
Ybor City,21432,2010,CentralWest
Dade Battlefield,21046,2010,Central
Cedar Key Scrub,19581,2010,NorthCentral
Marjorie Kinnan Rawlings,19509,2010,NorthCentral
Savannas,18919,2010,CentralEast
Lake Jackson Mounds,18753,2010,NorthCentral
Big Shoals,18133,2010,NorthCentral
Crystal River Arch. Site,17404,2010,CentralWest
Bulow Plantation Ruins,16686,2010,CentralEast
Windley Key,15557,2010,SouthEast
Cedar Key State Museum,15196,2010,NorthCentral
Key Largo Hammock,14458,2010,SouthEast
Kissimmee Prairie,13831,2010,CentralEast
St. Lucie Inlet,13746,2010,CentralEast
Anderson's Landing,12999,2010,NorthCentral
Dudley Farm,12575,2010,NorthCentral
Seabranch,10656,2010,CentralEast
Pumpkin Hill Creek,10589,2010,NorthEast
Dunn's Creek,10476,2010,NorthEast
Terra Ceia,10310,2010,CentralWest
Rock Springs Run,10027,2010,NorthCentral
Colt Creek,8663,2010,CentralWest
Deer Lake,7689,2010,NorthWest
San Marcos de Apalache,6773,2010,NorthCentral
Econfina River,6418,2010,NorthCentral
Suwannee River Wilderness Trail,5720,2010,NorthCentral
Catfish Creek,5535,2010,Central
Lake Talquin/River Bluff,5343,2010,NorthCentral
River Rise,5117,2010,NorthCentral
Natural Bridge Battlefield,5094,2010,NorthCentral
Orman House,4802,2010,NorthCentral
Estero Bay,3933,2010,SouthWest
Haw Creek,3862,2010,NorthEast
Tarkiln Bayou,3684,2010,NorthWest
Jack Island,3678,2010,CentralEast
San Pedro,3393,2010,SouthEast
Letchworth Mounds,3180,2010,NorthCentral
Lower Wekiva River,3033,2010,Central
Madira Bickel Mound,2740,2010,CentralWest
John Gorrie Museum,2496,2010,NorthCentral
Atlantic Ridge,2037,2010,SouthEast
Constitution Convention,1999,2010,NorthWest
Mound Key,1915,2010,SouthWest
Lake June Scrub,1197,2010,Central
Yellow River Marshes,283,2010,NorthWest
Beker,40,2010,CentralEast
Florida Keys Overseas Heritage Trail,1702037,2011,SouthEast
Honeymoon Island,1089588,2011,CentralWest
Cross Florida Greenway,1012107,2011,CentralWest
St. Andrews,975661,2011,NorthWest
Gasparilla Island,872917,2011,SouthWest
Lover's Key,812864,2011,SouthWest
John Pennekamp Coral Reef,725619,2011,SouthEast
Anastasia,631716,2011,CentralWest
Cape Florida,614282,2011,SouthEast
Sebastian Inlet,594188,2011,CentralEast
Stump Pass Beach,588300,2011,SouthWest
Bahia Honda,557785,2011,SouthEast
John U. Lloyd Beach,550335,2011,SouthEast
Blue Spring,495715,2011,CentralEast
Delnor-Wiggins Pass,473731,2011,SouthWest
Fort Zachary Taylor,456452,2011,SouthEast
Oleta River,430662,2011,SouthEast
Myakka River,384039,2011,CentralWest
Withlacoochee State Trail,365537,2011,CentralWest
Homosassa Springs,291521,2011,CentralWest
Big Talbot Island,274817,2011,NorthEast
Little Talbot Island,274245,2011,NorthEast
Hugh Taylor Birch,267353,2011,SouthEast
De Leon Springs,261920,2011,CentralEast
Tallahassee/St. Marks Trail,260232,2011,NorthCentral
Silver Springs State Park,245994,2011,Central
Rainbow Springs,244610,2011,Central
Amelia Island,244141,2011,NorthEast
Wakulla Springs State Park,234687,2011,NorthCentral
Wekiwa Springs,230464,2011,Central
Henderson Beach,220294,2011,NorthWest
Caladesi Island,219857,2011,CentralWest
Fort Clinch,219668,2011,NorthEast
Fanning Springs,214743,2011,NorthCentral
St. George Island,213606,2011,NorthWest
Egmont Key,204393,2011,CentralWest
Fort Pierce Inlet,202726,2011,CentralEast
Skyway State Fishing Pier,201954,2011,CentralWest
Weeki Wachee Springs,194403,2011,CentralWest
Crystal River Preserve,193828,2011,CentralWest
St. Joseph,186320,2011,NorthWest
Paynes Prairie,176134,2011,NorthCentral
Avalon,169156,2011,CentralEast
Topsail Hill State Preserve,168863,2011,NorthWest
Jonathan Dickinson,167266,2011,SouthEast
Hillsborough River,164389,2011,CentralWest
Tomoka,162920,2011,CentralEast
Highlands Hammock,161501,2011,Central
Alfred B. Maclay Gardens,159391,2011,NorthCentral
Anclote Key,150125,2011,CentralWest
Ichetucknee Springs,148213,2011,NorthCentral
Nature Coast State Trail,147623,2011,NorthCentral
John D MacArthur Beach,142386,2011,SouthEast
Grayton Beach,139562,2011,NorthWest
Fakahatchee Strand,137910,2011,SouthWest
Manatee Springs,137504,2011,NorthCentral
Oscar Scherer,129988,2011,CentralWest
North Peninsula,127756,2011,CentralEast
Big Lagoon,118705,2011,NorthWest
Blackwater Heritage Trail,117045,2011,NorthWest
Ravine Gardens,116760,2011,NorthEast
Curry Hammock,115360,2011,SouthEast
Flagler Beach,111463,2011,NorthEast
Stephen Foster,108019,2011,NorthCentral
Lake Louisa,101418,2011,Central
Florida Caverns,96831,2011,NorthWest
Van Fleet State Trail,92712,2011,Central
George Crady Fishing Pier,90487,2011,NorthEast
Palatka-Lake Butler Trail,89897,2011,NorthCentral
Cayo Costa,83586,2011,SouthWest
Blackwater River,76770,2011,NorthWest
Charlotte Harbor,76665,2011,SouthWest
Rocky Bayou,72045,2011,NorthWest
St. Sebastian River,69978,2011,CentralEast
Koreshan,69486,2011,SouthWest
Eden State Gardens,66203,2011,NorthWest
Fort Mose,65959,2011,NorthEast
Gamble Plantation,64900,2011,CentralWest
O'Leno,63035,2011,NorthCentral
Alafia River,60812,2011,CentralWest
Collier-Seminole,60540,2011,SouthWest
Washington Oaks,59423,2011,NorthEast
Bulow Creek,58176,2011,CentralEast
Long Key,58033,2011,SouthEast
The Barnacle,57157,2011,SouthEast
San Felasco Hammock,56387,2011,NorthCentral
Fort George Island,55432,2011,NorthEast
Lake Kissimmee,53059,2011,Central
Lake Okeechobee Scenic Trail,52723,2011,SouthEast
Gold Head Branch,49158,2011,NorthEast
Werner-Boyce,48526,2011,CentralWest
Ponce de Leon,47190,2011,NorthWest
Devil's Millhopper,46797,2011,NorthCentral
Hontoon Island,44405,2011,Central
Lake Manatee,43858,2011,CentralWest
Indian Key,42952,2011,SouthEast
Falling Waters,39975,2011,NorthWest
Pumpkin Hill Creek,39610,2011,NorthEast
Ochlockonee River,36766,2011,NorthCentral
Lignumvitae Key,36075,2011,SouthEast
Lafayette Blue Springs,35229,2011,NorthCentral
Bald Point,34495,2011,NorthWest
Camp Helen,34362,2011,NorthWest
Suwannee River,34210,2011,NorthCentral
Forest Capital,34069,2011,NorthCentral
Three Rivers,34027,2011,NorthWest
Faver-Dykes,32784,2011,NorthEast
Wacasassa Bay,31593,2011,NorthCentral
Lake Griffin,30891,2011,Central
Little Manatee River,30344,2011,CentralWest
Yulee Sugar Mills,30120,2011,CentralWest
Olustee Battlefield,29237,2011,NorthCentral
Don Pedro Island,28748,2011,SouthWest
Fort Cooper,28049,2011,CentralWest
Nature & Heritage Tourism Center,27824,2011,NorthCentral
Madison Blue Springs,27197,2011,NorthCentral
Perdido Key,26511,2011,NorthWest
Paynes Creek,25224,2011,Central
Torreya,25202,2011,NorthWest
Ybor City,23402,2011,CentralWest
Peacock Springs,22660,2011,NorthCentral
Cedar Key State Museum,21648,2011,NorthCentral
Dade Battlefield,21478,2011,Central
Big Shoals,20227,2011,NorthCentral
Savannas,19242,2011,CentralEast
Marjorie Kinnan Rawlings,17439,2011,NorthCentral
Bulow Plantation Ruins,17026,2011,CentralEast
Terra Ceia,16834,2011,CentralWest
Windley Key,16655,2011,SouthEast
Crystal River Arch. Site,16644,2011,CentralWest
Cedar Key Scrub,16216,2011,NorthCentral
Key Largo Hammock,15523,2011,SouthEast
Kissimmee Prairie,15120,2011,CentralEast
Colt Creek,15054,2011,CentralWest
Dudley Farm,14800,2011,NorthCentral
Rock Springs Run,14576,2011,NorthCentral
St. Lucie Inlet,13993,2011,CentralEast
Palatka-St. Augustine Rail Trail,10905,2011,NorthEast
Seabranch,10840,2011,CentralEast
Dunn's Creek,10460,2011,NorthEast
Lake Jackson Mounds,9632,2011,NorthCentral
Lake Talquin/River Bluff,9513,2011,NorthCentral
Lower Wekiva River,9060,2011,Central
San Marcos de Apalache,8673,2011,NorthCentral
Deer Lake,7539,2011,NorthWest
Orman House,7014,2011,NorthCentral
Econfina River,6298,2011,NorthCentral
Tarkiln Bayou,5765,2011,NorthWest
Troy Springs,5329,2011,NorthCentral
Haw Creek,4835,2011,NorthEast
Yellow River Marshes,4780,2011,NorthWest
River Rise,4463,2011,NorthCentral
Catfish Creek,3454,2011,Central
Madira Bickel Mound,3436,2011,CentralWest
Estero Bay,3372,2011,SouthWest
San Pedro,3107,2011,SouthEast
Natural Bridge Battlefield,3079,2011,NorthCentral
Letchworth Mounds,2688,2011,NorthCentral
John Gorrie Museum,2525,2011,NorthCentral
Constitution Convention,2286,2011,NorthWest
Atlantic Ridge,2244,2011,SouthEast
Mound Key,1531,2011,SouthWest
Lake June Scrub,1269,2011,Central
Beker,53,2011,CentralEast
Florida Keys Overseas Heritage Trail,1983489,2012,SouthEast
Honeymoon Island,1044295,2012,CentralWest
Cross Florida Greenway,998927,2012,CentralWest
St. Andrews,893102,2012,NorthWest
Lover's Key,846012,2012,SouthWest
Gasparilla Island,799811,2012,SouthWest
John Pennekamp Coral Reef,769751,2012,SouthEast
Cape Florida,657184,2012,SouthEast
Sebastian Inlet,598459,2012,CentralEast
Bahia Honda,582093,2012,SouthEast
Stump Pass Beach,545370,2012,SouthWest
Blue Spring,525455,2012,CentralEast
Anastasia,520602,2012,CentralWest
Delnor-Wiggins Pass,492389,2012,SouthWest
Fort Zachary Taylor,467765,2012,SouthEast
John U. Lloyd Beach,466262,2012,SouthEast
Myakka River,425377,2012,CentralWest
Oleta River,423939,2012,SouthEast
Withlacoochee State Trail,381940,2012,CentralWest
Homosassa Springs,314544,2012,CentralWest
Big Talbot Island,292803,2012,NorthEast
Paynes Prairie,278453,2012,NorthCentral
Rainbow Springs,269722,2012,Central
Hugh Taylor Birch,256378,2012,SouthEast
Henderson Beach,253088,2012,NorthWest
George Crady Fishing Pier,250317,2012,NorthEast
Wekiwa Springs,246299,2012,Central
Fort Clinch,245846,2012,NorthEast
Silver Springs State Park,243080,2012,Central
Weeki Wachee Springs,237742,2012,CentralWest
Little Talbot Island,230171,2012,NorthEast
St. Joseph,228473,2012,NorthWest
De Leon Springs,224796,2012,CentralEast
Egmont Key,213722,2012,CentralWest
Skyway State Fishing Pier,212306,2012,CentralWest
Wakulla Springs State Park,210607,2012,NorthCentral
St. George Island,209155,2012,NorthWest
Tomoka,208217,2012,CentralEast
Jonathan Dickinson,207366,2012,SouthEast
Caladesi Island,204189,2012,CentralWest
Topsail Hill State Preserve,200271,2012,NorthWest
Hillsborough River,186915,2012,CentralWest
Fort Pierce Inlet,186480,2012,CentralEast
Avalon,185542,2012,CentralEast
Alfred B. Maclay Gardens,172360,2012,NorthCentral
Grayton Beach,172034,2012,NorthWest
Crystal River Preserve,169027,2012,CentralWest
Fanning Springs,166133,2012,NorthCentral
Highlands Hammock,160834,2012,Central
Tallahassee/St. Marks Trail,154324,2012,NorthCentral
Curry Hammock,151461,2012,SouthEast
Nature Coast State Trail,150395,2012,NorthCentral
John D MacArthur Beach,150372,2012,SouthEast
Manatee Springs,146831,2012,NorthCentral
North Peninsula,145685,2012,CentralEast
Oscar Scherer,141843,2012,CentralWest
Ravine Gardens,138630,2012,NorthEast
Big Lagoon,136827,2012,NorthWest
Ichetucknee Springs,135923,2012,NorthCentral
Anclote Key,133299,2012,CentralWest
Stephen Foster,123869,2012,NorthCentral
Flagler Beach,120955,2012,NorthEast
Fakahatchee Strand,119760,2012,SouthWest
Palatka-Lake Butler Trail,116776,2012,NorthCentral
Blackwater Heritage Trail,113211,2012,NorthWest
Long Key,113107,2012,SouthEast
Florida Caverns,107597,2012,NorthWest
Lake Louisa,104852,2012,Central
Cayo Costa,90012,2012,SouthWest
Blackwater River,81594,2012,NorthWest
Koreshan,81394,2012,SouthWest
Amelia Island,78814,2012,NorthEast
Rocky Bayou,78143,2012,NorthWest
Collier-Seminole,77504,2012,SouthWest
Charlotte Harbor,76240,2012,SouthWest
O'Leno,71429,2012,NorthCentral
The Barnacle,70593,2012,SouthEast
Gamble Plantation,69272,2012,CentralWest
Alafia River,68759,2012,CentralWest
St. Sebastian River,67828,2012,CentralEast
Gold Head Branch,66168,2012,NorthEast
Fort Mose,64929,2012,NorthEast
Lake Kissimmee,64782,2012,Central
Washington Oaks,61520,2012,NorthEast
Indian Key,60322,2012,SouthEast
Bulow Creek,59503,2012,CentralEast
Terra Ceia,58673,2012,CentralWest
San Felasco Hammock,54790,2012,NorthCentral
Eden State Gardens,54498,2012,NorthWest
Devil's Millhopper,53843,2012,NorthCentral
Werner-Boyce,51489,2012,CentralWest
Falling Waters,51145,2012,NorthWest
Ochlockonee River,46754,2012,NorthCentral
Lake Manatee,45738,2012,CentralWest
Hontoon Island,45036,2012,Central
Lignumvitae Key,43905,2012,SouthEast
Bald Point,41476,2012,NorthWest
Three Rivers,40706,2012,NorthWest
Ponce de Leon,39333,2012,NorthWest
Van Fleet State Trail,39106,2012,Central
Little Manatee River,38946,2012,CentralWest
Camp Helen,38382,2012,NorthWest
Fort George Island,37899,2012,NorthEast
Lake Griffin,37539,2012,Central
Suwannee River,37316,2012,NorthCentral
Faver-Dykes,35361,2012,NorthEast
Colt Creek,32771,2012,CentralWest
Wacasassa Bay,32237,2012,NorthCentral
Torreya,31357,2012,NorthWest
Yulee Sugar Mills,30854,2012,CentralWest
Dade Battlefield,30724,2012,Central
Olustee Battlefield,28409,2012,NorthCentral
Forest Capital,28117,2012,NorthCentral
Fort Cooper,27827,2012,CentralWest
Don Pedro Island,26157,2012,SouthWest
Paynes Creek,25935,2012,Central
Savannas,25666,2012,CentralEast
Pumpkin Hill Creek,25441,2012,NorthEast
Perdido Key,25258,2012,NorthWest
Cedar Key Scrub,23416,2012,NorthCentral
Ybor City,22241,2012,CentralWest
Lake Jackson Mounds,21662,2012,NorthCentral
Madison Blue Springs,20736,2012,NorthCentral
Peacock Springs,19832,2012,NorthCentral
Bulow Plantation Ruins,19727,2012,CentralEast
Kissimmee Prairie,19086,2012,CentralEast
Key Largo Hammock,17888,2012,SouthEast
Crystal River Arch. Site,17313,2012,CentralWest
Marjorie Kinnan Rawlings,16898,2012,NorthCentral
Dudley Farm,16346,2012,NorthCentral
Lafayette Blue Springs,16118,2012,NorthCentral
Lake Talquin/River Bluff,15574,2012,NorthCentral
Palatka-St. Augustine Rail Trail,14750,2012,NorthEast
Windley Key,14402,2012,SouthEast
St. Lucie Inlet,14219,2012,CentralEast
Cedar Key State Museum,14155,2012,NorthCentral
Dunn's Creek,13466,2012,NorthEast
Big Shoals,12379,2012,NorthCentral
San Marcos de Apalache,12124,2012,NorthCentral
Lower Wekiva River,11836,2012,Central
Rock Springs Run,11606,2012,NorthCentral
Seabranch,11102,2012,CentralEast
Tarkiln Bayou,7279,2012,NorthWest
Letchworth Mounds,7271,2012,NorthCentral
Orman House,6159,2012,NorthCentral
Deer Lake,6118,2012,NorthWest
Haw Creek,5735,2012,NorthEast
Madira Bickel Mound,4886,2012,CentralWest
Econfina River,4852,2012,NorthCentral
San Pedro,4272,2012,SouthEast
Yellow River Marshes,4246,2012,NorthWest
Atlantic Ridge,4074,2012,SouthEast
Catfish Creek,4006,2012,Central
River Rise,3872,2012,NorthCentral
Natural Bridge Battlefield,3549,2012,NorthCentral
Nature & Heritage Tourism Center,3417,2012,NorthCentral
Troy Springs,3124,2012,NorthCentral
Estero Bay,2916,2012,SouthWest
John Gorrie Museum,2439,2012,NorthCentral
Constitution Convention,1712,2012,NorthWest
Mound Key,1620,2012,SouthWest
Lake June Scrub,1068,2012,Central
Florida Keys Overseas Heritage Trail,1490078,2013,SouthEast
Honeymoon Island,1152115,2013,CentralWest
Lover's Key,974431,2013,SouthWest
Cross Florida Greenway,927008,2013,CentralWest
Cape Florida,882500,2013,SouthEast
John Pennekamp Coral Reef,874179,2013,SouthEast
St. Andrews,870995,2013,NorthWest
Gasparilla Island,857884,2013,SouthWest
Bahia Honda,675997,2013,SouthEast
Sebastian Inlet,638966,2013,CentralEast
Blue Spring,601433,2013,CentralEast
Delnor-Wiggins Pass,566947,2013,SouthWest
John U. Lloyd Beach,557421,2013,SouthEast
Oleta River,552188,2013,SouthEast
Stump Pass Beach,544525,2013,SouthWest
Anastasia,539936,2013,CentralWest
Fort Zachary Taylor,484772,2013,SouthEast
Myakka River,432257,2013,CentralWest
Withlacoochee State Trail,405632,2013,CentralWest
Wekiwa Springs,334551,2013,Central
Rainbow Springs,327508,2013,Central
Silver Springs State Park,318155,2013,Central
Homosassa Springs,314247,2013,CentralWest
Weeki Wachee Springs,306132,2013,CentralWest
Hugh Taylor Birch,299012,2013,SouthEast
Henderson Beach,277384,2013,NorthWest
Big Talbot Island,274986,2013,NorthEast
Fort Clinch,260205,2013,NorthEast
Tomoka,255176,2013,CentralEast
Little Talbot Island,246208,2013,NorthEast
St. Joseph,242558,2013,NorthWest
Caladesi Island,242287,2013,CentralWest
Egmont Key,235564,2013,CentralWest
St. George Island,225236,2013,NorthWest
Skyway State Fishing Pier,225e3,2013,CentralWest
De Leon Springs,224837,2013,CentralEast
Wakulla Springs State Park,224725,2013,NorthCentral
Paynes Prairie,217971,2013,NorthCentral
Jonathan Dickinson,213652,2013,SouthEast
Avalon,210803,2013,CentralEast
Ravine Gardens,206532,2013,NorthEast
Topsail Hill State Preserve,202117,2013,NorthWest
Fort Pierce Inlet,194911,2013,CentralEast
Hillsborough River,194348,2013,CentralWest
Grayton Beach,186153,2013,NorthWest
Curry Hammock,177241,2013,SouthEast
North Peninsula,172123,2013,CentralEast
Nature Coast State Trail,170669,2013,NorthCentral
Anclote Key,168599,2013,CentralWest
Long Key,164615,2013,SouthEast
Highlands Hammock,164379,2013,Central
George Crady Fishing Pier,163693,2013,NorthEast
Alfred B. Maclay Gardens,159661,2013,NorthCentral
Crystal River Preserve,156004,2013,CentralWest
Flagler Beach,155450,2013,NorthEast
John D MacArthur Beach,151374,2013,SouthEast
Ichetucknee Springs,150654,2013,NorthCentral
Oscar Scherer,147413,2013,CentralWest
Manatee Springs,147315,2013,NorthCentral
Tallahassee/St. Marks Trail,141882,2013,NorthCentral
Big Lagoon,141489,2013,NorthWest
Fanning Springs,141209,2013,NorthCentral
Fakahatchee Strand,126164,2013,SouthWest
Fort Mose,121438,2013,NorthEast
Amelia Island,118616,2013,NorthEast
Palatka-Lake Butler Trail,113905,2013,NorthCentral
Stephen Foster,113275,2013,NorthCentral
Lake Louisa,113066,2013,Central
Blackwater Heritage Trail,105498,2013,NorthWest
The Barnacle,103396,2013,SouthEast
Florida Caverns,98034,2013,NorthWest
Koreshan,97180,2013,SouthWest
Rocky Bayou,82903,2013,NorthWest
Alafia River,78271,2013,CentralWest
Charlotte Harbor,78065,2013,SouthWest
O'Leno,76131,2013,NorthCentral
Gold Head Branch,75768,2013,NorthEast
Terra Ceia,75319,2013,CentralWest
Gamble Plantation,73552,2013,CentralWest
Lignumvitae Key,71695,2013,SouthEast
Blackwater River,70383,2013,NorthWest
Cayo Costa,69866,2013,SouthWest
Lake Kissimmee,69705,2013,Central
Washington Oaks,68425,2013,NorthEast
Indian Key,68180,2013,SouthEast
Palatka-St. Augustine Rail Trail,66580,2013,NorthEast
St. Sebastian River,65079,2013,CentralEast
Collier-Seminole,64806,2013,SouthWest
Bulow Creek,63372,2013,CentralEast
Paynes Creek,56526,2013,Central
Falling Waters,55781,2013,NorthWest
Werner-Boyce,51638,2013,CentralWest
Devil's Millhopper,50977,2013,NorthCentral
Lake Manatee,50104,2013,CentralWest
Eden State Gardens,47872,2013,NorthWest
Bald Point,47697,2013,NorthWest
Hontoon Island,47596,2013,Central
Ochlockonee River,45476,2013,NorthCentral
Little Manatee River,44122,2013,CentralWest
Don Pedro Island,44107,2013,SouthWest
San Felasco Hammock,42335,2013,NorthCentral
Van Fleet State Trail,42201,2013,Central
Lake Griffin,40743,2013,Central
Three Rivers,39285,2013,NorthWest
Suwannee River,38831,2013,NorthCentral
Forest Capital,37084,2013,NorthCentral
Faver-Dykes,35043,2013,NorthEast
Olustee Battlefield,33967,2013,NorthCentral
Camp Helen,33925,2013,NorthWest
Fort George Island,33072,2013,NorthEast
Pumpkin Hill Creek,32981,2013,NorthEast
Torreya,31221,2013,NorthWest
Yulee Sugar Mills,30767,2013,CentralWest
Ponce de Leon,30548,2013,NorthWest
Colt Creek,29317,2013,CentralWest
Fort Cooper,28915,2013,CentralWest
Perdido Key,28103,2013,NorthWest
Savannas,27911,2013,CentralEast
Dade Battlefield,27722,2013,Central
Wacasassa Bay,27721,2013,NorthCentral
Ybor City,22572,2013,CentralWest
Seabranch,20775,2013,CentralEast
Lake Jackson Mounds,20398,2013,NorthCentral
St. Lucie Inlet,19498,2013,CentralEast
Kissimmee Prairie,19486,2013,CentralEast
Bulow Plantation Ruins,19322,2013,CentralEast
Peacock Springs,17747,2013,NorthCentral
Estero Bay,17676,2013,SouthWest
Lake Talquin/River Bluff,16793,2013,NorthCentral
Dunn's Creek,16704,2013,NorthEast
Crystal River Arch. Site,16539,2013,CentralWest
San Pedro,16404,2013,SouthEast
Cedar Key Scrub,15782,2013,NorthCentral
Dudley Farm,15566,2013,NorthCentral
Marjorie Kinnan Rawlings,14873,2013,NorthCentral
Key Largo Hammock,14640,2013,SouthEast
Cedar Key State Museum,13924,2013,NorthCentral
Lower Wekiva River,13819,2013,Central
San Marcos de Apalache,12460,2013,NorthCentral
Rock Springs Run,11860,2013,NorthCentral
Windley Key,11673,2013,SouthEast
Lafayette Blue Springs,10850,2013,NorthCentral
Big Shoals,9657,2013,NorthCentral
Madison Blue Springs,8846,2013,NorthCentral
Orman House,7614,2013,NorthCentral
Anderson's Landing,7386,2013,NorthCentral
Letchworth Mounds,7291,2013,NorthCentral
Tarkiln Bayou,7206,2013,NorthWest
Deer Lake,6468,2013,NorthWest
Econfina River,6259,2013,NorthCentral
Haw Creek,5475,2013,NorthEast
Yellow River Marshes,4677,2013,NorthWest
Atlantic Ridge,4496,2013,SouthEast
Madira Bickel Mound,4461,2013,CentralWest
River Rise,4444,2013,NorthCentral
Catfish Creek,4203,2013,Central
Natural Bridge Battlefield,4138,2013,NorthCentral
Mound Key,2868,2013,SouthWest
John Gorrie Museum,2657,2013,NorthCentral
Troy Springs,2535,2013,NorthCentral
Addison Blockhouse Museum,2414,2013,CentralEast
Constitution Convention,1403,2013,NorthWest
Lake June Scrub,1011,2013,Central
Beker,28,2013,CentralEast
Jack Island,1,2013,CentralEast
Cross Florida Greenway,2479025,2014,CentralWest
Florida Keys Overseas Heritage Trail,1395083,2014,SouthEast
Honeymoon Island,1185220,2014,CentralWest
Anastasia,1060093,2014,CentralWest
St. Andrews,1011837,2014,NorthWest
Cape Florida,959166,2014,SouthEast
Lover's Key,933362,2014,SouthWest
John Pennekamp Coral Reef,853846,2014,SouthEast
Sebastian Inlet,763530,2014,CentralEast
Bahia Honda,656159,2014,SouthEast
Oleta River,655484,2014,SouthEast
Blue Spring,629632,2014,CentralEast
Henderson Beach,600927,2014,NorthWest
Delnor-Wiggins Pass,593929,2014,SouthWest
John U. Lloyd Beach,581850,2014,SouthEast
Fort Zachary Taylor,524859,2014,SouthEast
Gasparilla Island,482166,2014,SouthWest
Silver Springs State Park,459698,2014,Central
Hugh Taylor Birch,435465,2014,SouthEast
Withlacoochee State Trail,414979,2014,CentralWest
Ichetucknee Springs,407672,2014,NorthCentral
Wekiwa Springs,404651,2014,Central
Myakka River,404341,2014,CentralWest
Rainbow Springs,398808,2014,Central
Weeki Wachee Springs,390305,2014,CentralWest
Stump Pass Beach,362152,2014,SouthWest
Homosassa Springs,319289,2014,CentralWest
Caladesi Island,306958,2014,CentralWest
Fort Clinch,300338,2014,NorthEast
Jonathan Dickinson,295509,2014,SouthEast
St. Joseph,293971,2014,NorthWest
St. George Island,290212,2014,NorthWest
Topsail Hill State Preserve,273100,2014,NorthWest
Wakulla Springs State Park,270686,2014,NorthCentral
Big Talbot Island,264462,2014,NorthEast
Grayton Beach,254522,2014,NorthWest
De Leon Springs,242576,2014,CentralEast
Paynes Prairie,239254,2014,NorthCentral
Hillsborough River,239684,2014,CentralWest
Little Talbot Island,233462,2014,NorthEast
Egmont Key,228624,2014,CentralWest
Skyway State Fishing Pier,222010,2014,CentralWest
Fort Pierce Inlet,212027,2014,CentralEast
Oscar Scherer,211680,2014,CentralWest
Ravine Gardens,211178,2014,NorthEast
Anclote Key,202661,2014,CentralWest
Tomoka,186671,2014,CentralEast
Avalon,178962,2014,CentralEast
Crystal River Preserve,177528,2014,CentralWest
Manatee Springs,176370,2014,NorthCentral
John D MacArthur Beach,166191,2014,SouthEast
Big Lagoon,164616,2014,NorthWest
Highlands Hammock,163487,2014,Central
Lake Louisa,161168,2014,Central
Nature Coast State Trail,159345,2014,NorthCentral
North Peninsula,158402,2014,CentralEast
Long Key,152388,2014,SouthEast
Fanning Springs,152232,2014,NorthCentral
Alfred B. Maclay Gardens,150504,2014,NorthCentral
Flagler Beach,149663,2014,NorthEast
Curry Hammock,147142,2014,SouthEast
Florida Caverns,142644,2014,NorthWest
Tallahassee/St. Marks Trail,136058,2014,NorthCentral
Koreshan,131020,2014,SouthWest
Fakahatchee Strand,121543,2014,SouthWest
The Barnacle,117856,2014,SouthEast
Palatka-Lake Butler Trail,112453,2014,NorthCentral
Blackwater Heritage Trail,112035,2014,NorthWest
Stephen Foster,108148,2014,NorthCentral
Rocky Bayou,102290,2014,NorthWest
Alafia River,97600,2014,CentralWest
Blackwater River,95634,2014,NorthWest
Terra Ceia,94405,2014,CentralWest
Lignumvitae Key,92177,2014,SouthEast
Gold Head Branch,90641,2014,NorthEast
Amelia Island,87095,2014,NorthEast
Washington Oaks,84300,2014,NorthEast
O'Leno,82106,2014,NorthCentral
Indian Key,78020,2014,SouthEast
Charlotte Harbor,76985,2014,SouthWest
Lake Kissimmee,76727,2014,Central
Cayo Costa,76638,2014,SouthWest
Bulow Creek,75196,2014,CentralEast
Suwannee River,74057,2014,NorthCentral
Falling Waters,72606,2014,NorthWest
Ochlockonee River,71001,2014,NorthCentral
Collier-Seminole,67195,2014,SouthWest
Gamble Plantation,65891,2014,CentralWest
Devil's Millhopper,63015,2014,NorthCentral
San Felasco Hammock,62859,2014,NorthCentral
Lake Manatee,62207,2014,CentralWest
Hontoon Island,60194,2014,Central
Lake Griffin,53307,2014,Central
Don Pedro Island,52077,2014,SouthWest
Little Manatee River,51882,2014,CentralWest
Fort Mose,51840,2014,NorthEast
Eden State Gardens,50705,2014,NorthWest
Bald Point,50090,2014,NorthWest
Palatka-St. Augustine Rail Trail,49762,2014,NorthEast
St. Sebastian River,48110,2014,CentralEast
Paynes Creek,48043,2014,Central
Werner-Boyce,46927,2014,CentralWest
Camp Helen,45637,2014,NorthWest
Torreya,45237,2014,NorthWest
Savannas,44691,2014,CentralEast
Three Rivers,43930,2014,NorthWest
Key Largo Hammock,40563,2014,SouthEast
Faver-Dykes,40453,2014,NorthEast
Madison Blue Springs,40130,2014,NorthCentral
Wacasassa Bay,37879,2014,NorthCentral
Ponce de Leon,37594,2014,NorthWest
Fort Cooper,37418,2014,CentralWest
Colt Creek,33222,2014,CentralWest
Fort George Island,32649,2014,NorthEast
Van Fleet State Trail,32620,2014,Central
Crystal River Arch. Site,32606,2014,CentralWest
Perdido Key,31005,2014,NorthWest
Dade Battlefield,30208,2014,Central
Yulee Sugar Mills,29934,2014,CentralWest
Lafayette Blue Springs,29753,2014,NorthCentral
George Crady Fishing Pier,28333,2014,NorthEast
Olustee Battlefield,27856,2014,NorthCentral
Dudley Farm,27418,2014,NorthCentral
Bulow Plantation Ruins,23042,2014,CentralEast
Jack Island,22679,2014,CentralEast
Kissimmee Prairie,22408,2014,CentralEast
Ybor City,22280,2014,CentralWest
Seabranch,20945,2014,CentralEast
Forest Capital,20342,2014,NorthCentral
San Pedro,19198,2014,SouthEast
Lake Jackson Mounds,19166,2014,NorthCentral
Dunn's Creek,18507,2014,NorthEast
Peacock Springs,17470,2014,NorthCentral
Cedar Key State Museum,16167,2014,NorthCentral
San Marcos de Apalache,15151,2014,NorthCentral
Lake Talquin/River Bluff,15048,2014,NorthCentral
Marjorie Kinnan Rawlings,14854,2014,NorthCentral
Pumpkin Hill Creek,14042,2014,NorthEast
St. Lucie Inlet,13441,2014,CentralEast
Cedar Key Scrub,12956,2014,NorthCentral
Lower Wekiva River,10324,2014,Central
Windley Key,10096,2014,SouthEast
Estero Bay,9628,2014,SouthWest
Rock Springs Run,9402,2014,NorthCentral
Anderson's Landing,9203,2014,NorthCentral
Orman House,8660,2014,NorthCentral
Big Shoals,8588,2014,NorthCentral
Tarkiln Bayou,8335,2014,NorthWest
Econfina River,8256,2014,NorthCentral
Letchworth Mounds,7719,2014,NorthCentral
River Rise,7597,2014,NorthCentral
Yellow River Marshes,7552,2014,NorthWest
Troy Springs,6837,2014,NorthCentral
Deer Lake,6737,2014,NorthWest
Natural Bridge Battlefield,6251,2014,NorthCentral
Haw Creek,5460,2014,NorthEast
Atlantic Ridge,4887,2014,SouthEast
Catfish Creek,4534,2014,Central
Madira Bickel Mound,4443,2014,CentralWest
John Gorrie Museum,4092,2014,NorthCentral
Constitution Convention,2249,2014,NorthWest
Lake June Scrub,2047,2014,Central
Mound Key,1982,2014,SouthWest
Prices Scrub,1729,2014,NA
Beker,30,2014,CentralEast
